order_purchase_timestamp,total_sales,total_items,total_orders,day_of_week,month,quarter,is_weekend,is_holiday,total_sales_lag_1,total_sales_lag_7,total_sales_lag_14,total_sales_lag_30,total_sales_rolling_avg_7,total_sales_rolling_std_7,total_sales_rolling_avg_30,total_sales_rolling_std_30
2016-10-04,9571.16,67,58,1,10,4,0,0,441.98,0.0,0.0,72.89,1430.4485714285713,3593.4933852145814,338.2703333333333,1745.81136570874
2016-10-05,6856.56,52,39,2,10,4,0,0,9571.16,0.0,0.0,0.0,2409.957142857143,4044.7416705055234,566.8223333333334,2110.6826422579143
2016-10-06,6295.72,55,46,3,10,4,0,0,6856.56,0.0,0.0,0.0,3309.345714285714,4118.830174158909,776.6796666666667,2351.611576392671
2016-10-07,6728.25,50,43,4,10,4,0,0,6295.72,0.0,0.0,0.0,4270.524285714286,4001.221891630344,1000.9546666666666,2584.31084016841
2016-10-08,8306.86,43,38,5,10,4,1,0,6728.25,0.0,0.0,0.0,5457.2185714285715,3747.3453889761695,1277.85,2899.199799028976
2016-10-09,2614.2,28,22,6,10,4,1,0,8306.86,0.0,0.0,0.0,5830.675714285715,3203.664911315671,1364.9900000000002,2898.7545130327244
2016-10-10,3692.57,40,37,0,10,4,0,0,2614.2,441.98,0.0,0.0,6295.045714285714,2436.0073634936416,1488.0756666666668,2917.1341781945716
2016-10-11,0.0,0,0,1,10,4,0,0,3692.57,9571.16,0.0,0.0,4927.737142857143,2927.2495018174454,1488.0756666666668,2917.1341781945716
2016-10-12,0.0,0,0,2,10,4,0,1,0.0,6856.56,0.0,0.0,3948.2285714285713,3297.951746152091,1488.0756666666668,2917.1341781945716
2016-10-13,0.0,0,0,3,10,4,0,0,0.0,6295.72,0.0,0.0,3048.8399999999997,3407.6973786757153,1488.0756666666668,2917.1341781945716
2016-10-14,0.0,0,0,4,10,4,0,0,0.0,6728.25,0.0,0.0,2087.6614285714286,3134.8770901500475,1488.0756666666668,2917.1341781945716
2016-10-15,0.0,0,0,5,10,4,1,0,0.0,8306.86,0.0,134.97,900.9671428571429,1569.8684816114862,1483.5766666666668,2919.3961917555453
2016-10-16,0.0,0,0,6,10,4,1,0,0.0,2614.2,0.0,0.0,527.51,1395.660274099686,1483.5766666666668,2919.3961917555453
2016-10-17,0.0,0,0,0,10,4,0,0,0.0,3692.57,441.98,0.0,0.0,0.0,1483.5766666666668,2919.3961917555453
2016-10-18,0.0,0,0,1,10,4,0,0,0.0,0.0,9571.16,0.0,0.0,0.0,1483.5766666666668,2919.3961917555453
2016-10-19,0.0,0,0,2,10,4,0,0,0.0,0.0,6856.56,0.0,0.0,0.0,1483.5766666666668,2919.3961917555453
2016-10-20,0.0,0,0,3,10,4,0,0,0.0,0.0,6295.72,0.0,0.0,0.0,1483.5766666666668,2919.3961917555453
2016-10-21,0.0,0,0,4,10,4,0,0,0.0,0.0,6728.25,0.0,0.0,0.0,1483.5766666666668,2919.3961917555453
2016-10-22,0.0,0,0,5,10,4,1,0,0.0,0.0,8306.86,0.0,0.0,0.0,1483.5766666666668,2919.3961917555453
2016-10-23,0.0,0,0,6,10,4,1,0,0.0,0.0,2614.2,0.0,0.0,0.0,1483.5766666666668,2919.3961917555453
2016-10-24,0.0,0,0,0,10,4,0,0,0.0,0.0,3692.57,0.0,0.0,0.0,1483.5766666666668,2919.3961917555453
2016-10-25,0.0,0,0,1,10,4,0,0,0.0,0.0,0.0,0.0,0.0,0.0,1483.5766666666668,2919.3961917555453
2016-10-26,0.0,0,0,2,10,4,0,0,0.0,0.0,0.0,0.0,0.0,0.0,1483.5766666666668,2919.3961917555453
2016-10-27,0.0,0,0,3,10,4,0,0,0.0,0.0,0.0,0.0,0.0,0.0,1483.5766666666668,2919.3961917555453
2016-10-28,0.0,0,0,4,10,4,0,0,0.0,0.0,0.0,0.0,0.0,0.0,1483.5766666666668,2919.3961917555453
2016-10-29,0.0,0,0,5,10,4,1,0,0.0,0.0,0.0,0.0,0.0,0.0,1483.5766666666668,2919.3961917555453
2016-10-30,0.0,0,0,6,10,4,1,0,0.0,0.0,0.0,0.0,0.0,0.0,1483.5766666666668,2919.3961917555453
2016-10-31,0.0,0,0,0,10,4,0,0,0.0,0.0,0.0,0.0,0.0,0.0,1483.5766666666668,2919.3961917555453
2016-11-01,0.0,0,0,1,11,4,0,0,0.0,0.0,0.0,0.0,0.0,0.0,1483.5766666666668,2919.3961917555453
2016-11-02,0.0,0,0,2,11,4,0,1,0.0,0.0,0.0,441.98,0.0,0.0,1468.8440000000003,2925.941723878856
2016-11-03,0.0,0,0,3,11,4,0,0,0.0,0.0,0.0,9571.16,0.0,0.0,1149.8053333333335,2503.3034876156157
2016-11-04,0.0,0,0,4,11,4,0,0,0.0,0.0,0.0,6856.56,0.0,0.0,921.2533333333333,2266.070921068589
2016-11-05,0.0,0,0,5,11,4,1,0,0.0,0.0,0.0,6295.72,0.0,0.0,711.396,2030.456530137139
2016-11-06,0.0,0,0,6,11,4,1,0,0.0,0.0,0.0,6728.25,0.0,0.0,487.12100000000004,1685.1729865697707
2016-11-07,0.0,0,0,0,11,4,0,0,0.0,0.0,0.0,8306.86,0.0,0.0,210.22566666666668,812.4732338750189
2016-11-08,0.0,0,0,1,11,4,0,0,0.0,0.0,0.0,2614.2,0.0,0.0,123.08566666666667,674.1679613889488
2016-11-09,0.0,0,0,2,11,4,0,0,0.0,0.0,0.0,3692.57,0.0,0.0,0.0,0.0
2016-11-10,0.0,0,0,3,11,4,0,0,0.0,0.0,0.0,0.0,0.0,0.0,0.0,0.0
2016-11-11,0.0,0,0,4,11,4,0,0,0.0,0.0,0.0,0.0,0.0,0.0,0.0,0.0
2016-11-12,0.0,0,0,5,11,4,1,0,0.0,0.0,0.0,0.0,0.0,0.0,0.0,0.0
2016-11-13,0.0,0,0,6,11,4,1,0,0.0,0.0,0.0,0.0,0.0,0.0,0.0,0.0
2016-11-14,0.0,0,0,0,11,4,0,0,0.0,0.0,0.0,0.0,0.0,0.0,0.0,0.0
2016-11-15,0.0,0,0,1,11,4,0,1,0.0,0.0,0.0,0.0,0.0,0.0,0.0,0.0
2016-11-16,0.0,0,0,2,11,4,0,0,0.0,0.0,0.0,0.0,0.0,0.0,0.0,0.0
2016-11-17,0.0,0,0,3,11,4,0,0,0.0,0.0,0.0,0.0,0.0,0.0,0.0,0.0
2016-11-18,0.0,0,0,4,11,4,0,0,0.0,0.0,0.0,0.0,0.0,0.0,0.0,0.0
2016-11-19,0.0,0,0,5,11,4,1,0,0.0,0.0,0.0,0.0,0.0,0.0,0.0,0.0
2016-11-20,0.0,0,0,6,11,4,1,0,0.0,0.0,0.0,0.0,0.0,0.0,0.0,0.0
2016-11-21,0.0,0,0,0,11,4,0,0,0.0,0.0,0.0,0.0,0.0,0.0,0.0,0.0
2016-11-22,0.0,0,0,1,11,4,0,0,0.0,0.0,0.0,0.0,0.0,0.0,0.0,0.0
2016-11-23,0.0,0,0,2,11,4,0,0,0.0,0.0,0.0,0.0,0.0,0.0,0.0,0.0
2016-11-24,0.0,0,0,3,11,4,0,0,0.0,0.0,0.0,0.0,0.0,0.0,0.0,0.0
2016-11-25,0.0,0,0,4,11,4,0,0,0.0,0.0,0.0,0.0,0.0,0.0,0.0,0.0
2016-11-26,0.0,0,0,5,11,4,1,0,0.0,0.0,0.0,0.0,0.0,0.0,0.0,0.0
2016-11-27,0.0,0,0,6,11,4,1,0,0.0,0.0,0.0,0.0,0.0,0.0,0.0,0.0
2016-11-28,0.0,0,0,0,11,4,0,0,0.0,0.0,0.0,0.0,0.0,0.0,0.0,0.0
2016-11-29,0.0,0,0,1,11,4,0,0,0.0,0.0,0.0,0.0,0.0,0.0,0.0,0.0
2016-11-30,0.0,0,0,2,11,4,0,0,0.0,0.0,0.0,0.0,0.0,0.0,0.0,0.0
2016-12-01,0.0,0,0,3,12,4,0,0,0.0,0.0,0.0,0.0,0.0,0.0,0.0,0.0
2016-12-02,0.0,0,0,4,12,4,0,0,0.0,0.0,0.0,0.0,0.0,0.0,0.0,0.0
2016-12-03,0.0,0,0,5,12,4,1,0,0.0,0.0,0.0,0.0,0.0,0.0,0.0,0.0
2016-12-04,0.0,0,0,6,12,4,1,0,0.0,0.0,0.0,0.0,0.0,0.0,0.0,0.0
2016-12-05,0.0,0,0,0,12,4,0,0,0.0,0.0,0.0,0.0,0.0,0.0,0.0,0.0
2016-12-06,0.0,0,0,1,12,4,0,0,0.0,0.0,0.0,0.0,0.0,0.0,0.0,0.0
2016-12-07,0.0,0,0,2,12,4,0,0,0.0,0.0,0.0,0.0,0.0,0.0,0.0,0.0
2016-12-08,0.0,0,0,3,12,4,0,0,0.0,0.0,0.0,0.0,0.0,0.0,0.0,0.0
2016-12-09,0.0,0,0,4,12,4,0,0,0.0,0.0,0.0,0.0,0.0,0.0,0.0,0.0
2016-12-10,0.0,0,0,5,12,4,1,0,0.0,0.0,0.0,0.0,0.0,0.0,0.0,0.0
2016-12-11,0.0,0,0,6,12,4,1,0,0.0,0.0,0.0,0.0,0.0,0.0,0.0,0.0
2016-12-12,0.0,0,0,0,12,4,0,0,0.0,0.0,0.0,0.0,0.0,0.0,0.0,0.0
2016-12-13,0.0,0,0,1,12,4,0,0,0.0,0.0,0.0,0.0,0.0,0.0,0.0,0.0
2016-12-14,0.0,0,0,2,12,4,0,0,0.0,0.0,0.0,0.0,0.0,0.0,0.0,0.0
2016-12-15,0.0,0,0,3,12,4,0,0,0.0,0.0,0.0,0.0,0.0,0.0,0.0,0.0
2016-12-16,0.0,0,0,4,12,4,0,0,0.0,0.0,0.0,0.0,0.0,0.0,0.0,0.0
2016-12-17,0.0,0,0,5,12,4,1,0,0.0,0.0,0.0,0.0,0.0,0.0,0.0,0.0
2016-12-18,0.0,0,0,6,12,4,1,0,0.0,0.0,0.0,0.0,0.0,0.0,0.0,0.0
2016-12-19,0.0,0,0,0,12,4,0,0,0.0,0.0,0.0,0.0,0.0,0.0,0.0,0.0
2016-12-20,0.0,0,0,1,12,4,0,0,0.0,0.0,0.0,0.0,0.0,0.0,0.0,0.0
2016-12-21,0.0,0,0,2,12,4,0,0,0.0,0.0,0.0,0.0,0.0,0.0,0.0,0.0
2016-12-22,0.0,0,0,3,12,4,0,0,0.0,0.0,0.0,0.0,0.0,0.0,0.0,0.0
2016-12-23,10.9,1,1,4,12,4,0,0,0.0,0.0,0.0,0.0,1.5571428571428572,4.119812757119128,0.36333333333333334,1.9900586250695507
2016-12-24,0.0,0,0,5,12,4,1,0,10.9,0.0,0.0,0.0,1.5571428571428572,4.119812757119128,0.36333333333333334,1.9900586250695507
2016-12-25,0.0,0,0,6,12,4,1,1,0.0,0.0,0.0,0.0,1.5571428571428572,4.119812757119128,0.36333333333333334,1.9900586250695507
2016-12-26,0.0,0,0,0,12,4,0,0,0.0,0.0,0.0,0.0,1.5571428571428572,4.119812757119128,0.36333333333333334,1.9900586250695507
2016-12-27,0.0,0,0,1,12,4,0,0,0.0,0.0,0.0,0.0,1.5571428571428572,4.119812757119128,0.36333333333333334,1.9900586250695507
2016-12-28,0.0,0,0,2,12,4,0,0,0.0,0.0,0.0,0.0,1.5571428571428572,4.119812757119128,0.36333333333333334,1.9900586250695507
2016-12-29,0.0,0,0,3,12,4,0,0,0.0,0.0,0.0,0.0,1.5571428571428572,4.119812757119128,0.36333333333333334,1.9900586250695507
2016-12-30,0.0,0,0,4,12,4,0,0,0.0,10.9,0.0,0.0,0.0,0.0,0.36333333333333334,1.9900586250695507
2016-12-31,0.0,0,0,5,12,4,1,0,0.0,0.0,0.0,0.0,0.0,0.0,0.36333333333333334,1.9900586250695507
2017-01-01,0.0,0,0,6,1,1,1,1,0.0,0.0,0.0,0.0,0.0,0.0,0.36333333333333334,1.9900586250695507
2017-01-02,0.0,0,0,0,1,1,0,0,0.0,0.0,0.0,0.0,0.0,0.0,0.36333333333333334,1.9900586250695507
2017-01-03,0.0,0,0,1,1,1,0,0,0.0,0.0,0.0,0.0,0.0,0.0,0.36333333333333334,1.9900586250695507
2017-01-04,0.0,0,0,2,1,1,0,0,0.0,0.0,0.0,0.0,0.0,0.0,0.36333333333333334,1.9900586250695507
2017-01-05,396.9,32,32,3,1,1,0,0,0.0,0.0,0.0,0.0,56.699999999999996,150.01409933739836,13.593333333333332,72.42238620058292
2017-01-06,916.38,4,4,4,1,1,0,0,396.9,0.0,10.9,0.0,187.61142857142858,353.7644172529177,44.139333333333326,179.9379492651425
2017-01-07,1351.9,5,4,5,1,1,1,0,916.38,0.0,0.0,0.0,380.74000000000007,549.2684363769783,89.20266666666666,298.63602931735255
2017-01-08,709.58,6,6,6,1,1,1,0,1351.9,0.0,0.0,0.0,482.10857142857145,532.5126881564697,112.85533333333333,318.75016283682686
2017-01-09,673.79,6,5,0,1,1,0,0,709.58,0.0,0.0,0.0,578.3642857142858,490.04685761865187,135.315,333.90204005066795
2017-01-10,1434.87,6,6,1,1,1,0,0,673.79,0.0,0.0,0.0,783.3457142857143,507.5842500136456,183.14399999999998,408.32421405477066
2017-01-11,2611.26,11,11,2,1,1,0,0,1434.87,0.0,0.0,0.0,1156.3828571428571,741.5517270497631,270.186,600.8628147267704
2017-01-12,2234.58,15,13,3,1,1,0,0,2611.26,396.9,0.0,0.0,1418.9085714285716,753.0659994632803,344.67199999999997,697.0243633074355
2017-01-13,2505.58,11,11,4,1,1,0,0,2234.58,916.38,0.0,0.0,1645.9371428571428,813.4470296361156,428.1913333333333,797.212950263055
2017-01-14,1112.69,18,18,5,1,1,1,0,2505.58,1351.9,0.0,0.0,1611.7642857142857,832.6560519377622,465.281,802.4709138454357
2017-01-15,2199.57,21,14,6,1,1,1,0,1112.69,709.58,0.0,0.0,1824.6200000000001,749.9247508472723,538.6,857.1168413731672
2017-01-16,3307.92,24,19,0,1,1,0,0,2199.57,673.79,0.0,0.0,2200.924285714286,736.9823137375245,648.8639999999999,988.1911012433524
2017-01-17,3302.53,37,32,1,1,1,0,0,3307.92,1434.87,0.0,0.0,2467.7328571428575,751.3594201116308,758.9483333333334,1091.9215877559475
2017-01-18,4032.36,35,33,2,1,1,0,0,3302.53,2611.26,0.0,0.0,2670.747142857143,959.7048437881753,893.3603333333334,1234.1926532520206
2017-01-19,3553.95,35,29,3,1,1,0,0,4032.36,2234.58,396.9,0.0,2859.2285714285717,988.8822891768407,1011.8253333333334,1313.5020267937398
2017-01-20,4035.83,39,28,4,1,1,0,0,3553.95,2505.58,916.38,0.0,3077.835714285714,1063.9649994534193,1146.3529999999998,1409.4658144773653
2017-01-21,2458.6,36,24,5,1,1,1,0,4035.83,1112.69,1351.9,0.0,3270.108571428572,713.5594288127855,1228.3063333333334,1411.988071482981
2017-01-22,3619.27,33,30,6,1,1,1,0,2458.6,2199.57,709.58,10.9,3472.9228571428575,538.9693527995378,1348.5853333333332,1457.6577461916916
2017-01-23,6581.47,54,39,0,1,1,0,0,3619.27,3307.92,673.79,0.0,3940.5728571428576,1281.1382646266118,1567.9676666666667,1719.4501760931546
2017-01-24,5955.17,44,40,1,1,1,0,0,6581.47,3302.53,1434.87,0.0,4319.521428571429,1443.0396356583426,1766.4733333333331,1869.4056316423387
2017-01-25,8977.23,69,62,2,1,1,0,0,5955.17,4032.36,2611.26,0.0,5025.931428571429,2258.7925304642217,2065.7143333333333,2255.5209921812366
2017-01-26,13107.96,99,84,3,1,1,0,0,8977.23,3553.95,2234.58,0.0,6390.79,3668.0023227319084,2502.646333333333,2991.1974301405103
2017-01-27,11432.95,76,61,4,1,1,0,0,13107.96,4035.83,2505.58,0.0,7447.521428571427,3932.4762749122383,2883.7446666666665,3366.1633057858094
2017-01-28,5211.01,30,29,5,1,1,1,0,11432.95,2458.6,1112.69,0.0,7840.722857142857,3459.6871901503596,3057.445,3346.6176084093495
2017-01-29,6457.66,47,35,6,1,1,1,0,5211.01,3619.27,2199.57,0.0,8246.207142857143,3020.9791134151346,3272.700333333333,3350.8572215278587
2017-01-30,10801.13,75,51,0,1,1,0,0,6457.66,6581.47,3307.92,0.0,8849.015714285715,3054.2462970093384,3632.738,3560.787163964035
2017-01-31,11116.13,85,67,1,1,1,0,0,10801.13,5955.17,3302.53,0.0,9586.295714285716,2855.72274081278,4003.2756666666664,3743.418947879417
2017-02-01,8099.76,69,66,2,2,1,0,0,11116.13,8977.23,4032.36,0.0,9460.942857142858,2905.734223001792,4273.267666666667,3736.818094125538
2017-02-02,8917.64,75,68,3,2,1,0,0,8099.76,13107.96,3553.95,0.0,8862.325714285715,2420.2546290480645,4570.522333333332,3739.85543839615
2017-02-03,10171.74,61,56,4,2,1,0,0,8917.64,11432.95,4035.83,0.0,8682.152857142857,2237.00005814122,4909.580333333333,3772.149288704292
2017-02-04,13968.16,72,66,5,2,1,1,0,10171.74,5211.01,2458.6,396.9,9933.174285714285,2413.9411770371,5361.955666666667,4018.0561261426274
2017-02-05,8503.79,83,75,6,2,1,1,0,13968.16,6457.66,3619.27,916.38,10225.47857142857,2013.641781908501,5614.869333333333,3967.051785683682
2017-02-06,9539.44,88,81,0,2,1,0,0,8503.79,10801.13,6581.47,1351.9,10045.237142857144,2009.9910821254487,5887.787333333333,3945.238581910179
2017-02-07,14073.58,126,110,1,2,1,0,0,9539.44,11116.13,5955.17,709.58,10467.73,2518.9818731715186,6333.254,4092.13910185471
2017-02-08,11908.37,98,89,2,2,1,0,0,14073.58,8099.76,8977.23,673.79,11011.817142857142,2326.211656311001,6707.740000000001,4070.3624474689614
2017-02-09,9190.29,82,77,3,2,1,0,0,11908.37,8917.64,13107.96,1434.87,11050.767142857143,2287.259186914294,6966.254000000001,3968.942684614614
2017-02-10,13656.94,73,65,4,2,1,0,0,9190.29,10171.74,11432.95,2611.26,11548.652857142855,2438.3582072350455,7334.443333333334,4062.25298382843
2017-02-11,4307.56,51,45,5,2,1,1,0,13656.94,13968.16,5211.01,2234.58,10168.567142857146,3389.2108073695413,7403.542666666666,3989.491606159891
2017-02-12,15098.25,65,62,6,2,1,1,0,4307.56,8503.79,6457.66,2505.58,11110.632857142857,3746.962655430463,7823.298333333334,4116.819550222019
2017-02-13,10405.15,87,75,0,2,1,0,0,15098.25,9539.44,10801.13,1112.69,11234.305714285714,3700.4587347465363,8133.0470000000005,3940.301317875234
2017-02-14,12694.11,80,71,1,2,1,0,0,10405.15,14073.58,11116.13,2199.57,11037.238571428572,3558.044194893357,8482.865,3860.405674504054
2017-02-15,6770.15,63,60,2,2,1,0,0,12694.11,11908.37,8099.76,3307.92,10303.207142857142,3865.1354202352563,8598.272666666668,3750.553964660037
2017-02-16,6093.04,55,50,3,2,1,0,0,6770.15,9190.29,8917.64,3302.53,9860.742857142857,4178.359550420535,8691.289666666667,3647.8842789556256
2017-02-17,6801.26,56,45,4,2,1,0,0,6093.04,13656.94,10171.74,4032.36,8881.359999999999,3936.731265385876,8783.586333333335,3559.90971373547
2017-02-18,7297.33,63,52,5,2,1,1,0,6801.26,4307.56,13968.16,3553.95,9308.47,3495.2267993031132,8908.365666666668,3433.649527117419
2017-02-19,3797.9,44,40,6,2,1,1,0,7297.33,15098.25,8503.79,4035.83,7694.134285714286,2941.1430022745544,8900.434666666666,3445.546309025542
2017-02-20,7861.4,71,62,0,2,1,0,0,3797.9,10405.15,9539.44,2458.6,7330.7414285714285,2697.4038133819763,9080.528,3231.799128307156
2017-02-21,8285.64,47,41,1,2,1,0,0,7861.4,12694.11,14073.58,3619.27,6700.96,1473.4121571486155,9236.073666666667,3068.0327119344543
2017-02-22,7356.57,65,58,2,2,1,0,0,8285.64,6770.15,11908.37,6581.47,6784.734285714286,1494.521696528773,9261.910333333333,3048.1057109525027
2017-02-23,6940.82,73,59,3,2,1,0,0,7356.57,6093.04,9190.29,5955.17,6905.845714285714,1463.1482339332229,9294.765333333333,3016.3808498090407
2017-02-24,6682.21,73,62,4,2,1,0,0,6940.82,6801.26,13656.94,8977.23,6888.838571428571,1465.2568937155547,9218.264666666666,3053.5852055753253
2017-02-25,4196.59,46,42,5,2,1,1,0,6682.21,7297.33,4307.56,13107.96,6445.875714285714,1760.1936948799807,8921.219000000001,3095.3106827111646
2017-02-26,5446.68,52,45,6,2,1,1,0,4196.59,3797.9,15098.25,11432.95,6681.415714285714,1425.2458332846445,8721.676666666668,3120.6576054054226
2017-02-27,5813.22,52,42,0,2,1,0,0,5446.68,7861.4,10405.15,5211.01,6388.818571428571,1350.92951823832,8741.750333333333,3099.1593075280607
2017-02-28,11081.76,66,54,1,2,1,0,0,5813.22,8285.64,12694.11,6457.66,6788.2642857142855,2170.2124684375744,8895.886999999999,3096.6316361972376
2017-03-01,12555.41,113,95,2,3,1,0,0,11081.76,7356.57,6770.15,10801.13,7530.955714285714,3091.2456320867236,8954.363000000001,3149.9549621292063
2017-03-02,11377.0,76,68,3,3,1,0,0,12555.41,6940.82,6093.04,11116.13,8164.695714285714,3390.359103904568,8963.058666666668,3156.4817640288106
2017-03-03,12364.44,80,72,4,3,1,0,0,11377.0,6682.21,6801.26,8099.76,8976.442857142856,3646.7968439289975,9105.214666666667,3211.8090144273488
2017-03-04,10858.51,85,76,5,3,1,1,0,12364.44,4196.59,7297.33,8917.64,9928.145714285714,3004.15763072811,9169.910333333333,3227.410040955209
2017-03-05,6739.72,80,70,6,3,1,1,0,10858.51,5446.68,3797.9,10171.74,10112.865714285714,2707.811282812855,9055.509666666667,3251.4115162945745
2017-03-06,8916.64,113,98,0,3,1,0,0,6739.72,5813.22,7861.4,13968.16,10556.211428571429,2064.0399864701385,8887.125666666667,3116.215570337136
2017-03-07,11648.52,97,80,1,3,1,0,0,8916.64,11081.76,8285.64,8503.79,10637.177142857141,2098.913011558723,8991.95,3155.5200300895804
2017-03-08,14587.47,87,77,2,3,1,0,0,11648.52,12555.41,7356.57,9539.44,10927.471428571429,2508.9146370919675,9160.217666666667,3316.2222570659947
2017-03-09,11705.54,114,92,3,3,1,0,0,14587.47,11377.0,6940.82,14073.58,10974.405714285715,2521.7656153434655,9081.283,3222.0853581633564
2017-03-10,11984.97,97,86,4,3,1,0,0,11705.54,12364.44,6682.21,11908.37,10920.195714285714,2490.7925346420575,9083.836333333335,3224.432424294965
2017-03-11,10833.27,79,70,5,3,1,1,0,11984.97,10858.51,4196.59,9190.29,10916.59,2490.914980751725,9138.602333333334,3240.2169767424875
2017-03-12,6496.17,70,63,6,3,1,1,0,10833.27,6739.72,5446.68,13656.94,10881.797142857144,2559.7311325978185,8899.91,3158.6172667755127
2017-03-13,16681.16,115,108,0,3,1,0,0,6496.17,8916.64,5813.22,4307.56,11991.014285714287,3174.6802749718395,9312.363333333335,3340.883986755738
2017-03-14,14129.16,113,98,1,3,1,0,0,16681.16,11648.52,11081.76,15098.25,12345.391428571429,3267.1815512733588,9280.060333333333,3287.26597263302
2017-03-15,14999.33,121,107,2,3,1,0,0,14129.16,14587.47,12555.41,10405.15,12404.228571428572,3317.6068857105906,9433.19966666667,3444.7264981752783
2017-03-16,14199.79,126,102,3,3,1,0,0,14999.33,11705.54,11377.0,12694.11,12760.550000000001,3363.6838210856517,9483.389,3504.329130041524
2017-03-17,11970.4,79,65,4,3,1,0,0,14199.79,11984.97,12364.44,6770.15,12758.468571428572,3364.248193605964,9656.730666666668,3494.091045233202
2017-03-18,16433.82,77,73,5,3,1,1,0,11970.4,10833.27,10858.51,6093.04,13558.547142857144,3493.563939349594,10001.423333333332,3637.5254584707704
2017-03-19,6649.34,59,56,6,3,1,1,0,16433.82,6496.17,6739.72,6801.26,13580.42857142857,3442.057399446005,9996.359333333332,3642.2369043761473
2017-03-20,16906.09,125,114,0,3,1,0,0,6649.34,16681.16,8916.64,7297.33,13612.561428571427,3476.703796900305,10316.651333333335,3815.091673983944
2017-03-21,11311.15,103,92,1,3,1,0,0,16906.09,14129.16,11648.52,3797.9,13209.988571428572,3568.846262932555,10567.092999999999,3613.7004042863005
2017-03-22,14188.97,122,105,2,3,1,0,0,11311.15,14999.33,14587.47,7861.4,13094.222857142857,3513.849548001525,10778.012,3634.9296886539546
2017-03-23,16300.56,133,110,3,3,1,0,0,14188.97,14199.79,11705.54,8285.64,13394.332857142857,3708.3394522243852,11045.176000000001,3738.4950943381414
2017-03-24,10143.22,84,76,4,3,1,0,0,16300.56,11970.4,11984.97,7356.57,13133.307142857142,3885.3549391945976,11138.064333333334,3677.812715178528
2017-03-25,9361.44,84,74,5,3,1,1,0,10143.22,16433.82,10833.27,6940.82,12122.967142857144,3802.718024324688,11218.751666666667,3608.4532235276083
2017-03-26,6320.95,69,64,6,3,1,1,0,9361.44,6649.34,6496.17,6682.21,12076.054285714286,3882.683551123109,11206.709666666666,3624.6807512448204
2017-03-27,16356.97,120,109,0,3,1,0,0,6320.95,16906.09,16681.16,4196.59,11997.608571428573,3772.82625251252,11612.055666666665,3491.1970492967753
2017-03-28,11802.11,114,100,1,3,1,0,0,16356.97,11311.15,14129.16,5446.68,12067.745714285715,3762.4873727223703,11823.903333333334,3291.2796421173475
2017-03-29,8294.04,84,73,2,3,1,0,0,11802.11,14188.97,14999.33,5813.22,11225.612857142856,3866.8422837319335,11906.597333333333,3163.7472374144904
2017-03-30,10025.6,83,74,3,3,1,0,0,8294.04,16300.56,14199.79,11081.76,10329.19,3156.335962958748,11871.391999999998,3179.081480672442
2017-03-31,12199.56,73,70,4,3,1,0,0,10025.6,10143.22,11970.4,12555.41,10622.952857142856,3230.953498291776,11859.530333333334,3177.1045449661733
2017-04-01,17697.37,69,67,5,4,2,1,0,12199.56,9361.44,16433.82,11377.0,11813.800000000001,4106.164224829142,12070.209333333334,3348.915277908123
2017-04-02,9129.88,78,65,6,4,2,1,0,17697.37,6320.95,6649.34,12364.44,12215.075714285715,3583.9544709573634,11962.390666666666,3390.92089809196
2017-04-03,9156.76,87,72,0,4,2,0,0,9129.88,16356.97,16906.09,10858.51,11186.474285714286,3210.9250572997316,11905.665666666666,3424.0955046256845
2017-04-04,12301.65,109,96,1,4,2,0,0,9156.76,11802.11,11311.15,6739.72,11257.837142857143,3232.3675348198244,12091.063333333334,3282.3830222414413
2017-04-05,18902.94,102,96,2,4,2,0,0,12301.65,8294.04,14188.97,8916.64,12773.394285714285,4005.710700578438,12423.94,3451.374562765313
2017-04-06,23168.89,110,95,3,4,2,0,0,18902.94,10025.6,16300.56,11648.52,14651.007142857143,5355.873049284976,12807.952333333333,3964.8294956779446
2017-04-07,13250.29,94,84,4,4,2,0,0,23168.89,12199.56,10143.22,14587.47,14801.111428571428,5290.037067675516,12763.379666666668,3951.628615677936
2017-04-08,8785.09,71,66,5,4,2,1,0,13250.29,17697.37,9361.44,11705.54,13527.92857142857,5543.226964303462,12666.031333333334,4014.066455399522
2017-04-09,7914.65,76,71,6,4,2,1,0,8785.09,9129.88,6320.95,11984.97,13354.324285714287,5720.129471354816,12530.354,4105.625600672898
2017-04-10,11577.41,94,86,0,4,2,0,0,7914.65,9156.76,16356.97,10833.27,13700.131428571429,5492.723783941896,12555.158666666666,4097.258274343226
2017-04-11,8296.51,84,77,1,4,2,0,0,11577.41,12301.65,11802.11,6496.17,13127.968571428572,5859.065188402297,12615.17,4017.869308532606
2017-04-12,8069.21,65,62,2,4,2,0,0,8296.51,18902.94,8294.04,16681.16,11580.292857142858,5499.174358615772,12328.105,4024.9918734025914
2017-04-13,9691.43,64,60,3,4,2,0,0,8069.21,23168.89,10025.6,14129.16,9654.941428571428,2031.7842752896595,12180.180666666665,4038.0433787809643
2017-04-14,7001.07,58,51,4,4,2,0,1,9691.43,13250.29,12199.56,14999.33,8762.195714285714,1489.2068294101882,11913.571999999998,4108.910479124355
2017-04-15,8333.94,55,52,5,4,2,1,0,7001.07,8785.09,17697.37,14199.79,8697.745714285715,1497.788596318568,11718.043666666666,4135.845187675323
2017-04-16,5455.96,52,49,6,4,2,1,0,8333.94,7914.65,9129.88,11970.4,8346.504285714285,1936.1717385591805,11500.895666666667,4290.272307041051
2017-04-17,7966.87,67,64,0,4,2,0,0,5455.96,11577.41,9156.76,16433.82,7830.712857142857,1312.4818017114953,11218.664,4232.683224591946
2017-04-18,21286.72,84,71,1,4,2,0,0,7966.87,8296.51,12301.65,6649.34,9686.457142857142,5276.9357293721,11706.576666666666,4521.587598078672
2017-04-19,12103.46,112,97,2,4,2,0,0,21286.72,8069.21,18902.94,16906.09,10262.778571428571,5291.151322706713,11546.489,4414.910525324733
2017-04-20,13373.14,115,96,3,4,2,0,0,12103.46,9691.43,23168.89,11311.15,10788.737142857144,5406.619029993745,11615.222000000002,4427.15428224139
2017-04-21,8446.26,76,67,4,4,2,0,1,13373.14,7001.07,13250.29,14188.97,10995.192857142856,5263.57902728652,11423.798333333332,4436.175764176792
2017-04-22,12860.18,94,83,5,4,2,1,0,8446.26,8333.94,8785.09,16300.56,11641.798571428571,5159.1472597075235,11309.119,4349.3790851484255
2017-04-23,10029.05,90,85,6,4,2,1,0,12860.18,5455.96,7914.65,10143.22,12295.097142857145,4491.650933360379,11305.313333333334,4350.484222106248
2017-04-24,13296.03,129,114,0,4,2,0,0,10029.05,7966.87,11577.41,9361.44,13056.405714285715,4067.365032400615,11436.466333333334,4349.169370024804
2017-04-25,14671.74,123,111,1,4,2,0,0,13296.03,21286.72,8296.51,6320.95,12111.40857142857,2155.645466122457,11714.826,4277.111969890833
2017-04-26,15430.49,137,123,2,4,2,0,0,14671.74,12103.46,8069.21,16356.97,12586.698571428571,2493.85172356223,11683.943333333335,4245.667012937675
2017-04-27,9851.71,100,78,3,4,2,0,0,15430.49,13373.14,9691.43,11802.11,12083.637142857142,2658.5069517037496,11618.929999999998,4258.708225624292
2017-04-28,15790.49,108,98,4,4,2,0,0,9851.71,8446.26,7001.07,8294.04,13132.812857142857,2422.4922821529276,11868.811666666666,4276.782026970894
2017-04-29,11912.63,86,73,5,4,2,1,0,15790.49,12860.18,8333.94,10025.6,12997.448571428571,2466.342306726226,11931.712666666666,4262.591349631262
2017-04-30,8091.16,71,68,6,4,2,1,0,11912.63,10029.05,5455.96,12199.56,12720.607142857143,2921.781861437268,11794.766,4319.30843886204
2017-05-01,12580.27,131,116,0,5,2,0,1,8091.16,13296.03,7966.87,17697.37,12618.355714285713,2910.7917319740673,11624.195999999998,4176.864832816347
2017-05-02,17640.2,136,125,1,5,2,0,0,12580.27,14671.74,21286.72,9129.88,13042.42142857143,3429.7706905002133,11907.873333333333,4289.105292336285
2017-05-03,10053.56,111,102,2,5,2,0,0,17640.2,15430.49,12103.46,9156.76,12274.288571428571,3407.8386716090754,11937.766666666666,4272.362453457413
2017-05-04,13508.55,122,108,3,5,2,0,0,10053.56,9851.71,13373.14,12301.65,12796.694285714284,3251.2650537232316,11977.996666666666,4281.579400378689
2017-05-05,13969.76,123,110,4,5,2,0,0,13508.55,15790.49,8446.26,18902.94,12536.59,3037.653628828237,11813.557333333332,4097.210215148448
2017-05-06,16219.98,127,107,5,5,2,1,0,13969.76,11912.63,12860.18,23168.89,13151.925714285713,3313.9001929743245,11581.927,3599.2825782916993
2017-05-07,17167.87,120,109,6,5,2,1,0,16219.98,8091.16,10029.05,13250.29,14448.598571428573,2727.591805234242,11712.513,3730.5724820499904
2017-05-08,16148.41,143,122,0,5,2,0,0,17167.87,12580.27,13296.03,8785.09,14958.332857142857,2652.6227990281345,11957.956999999999,3773.309415146805
2017-05-09,20787.05,153,124,1,5,2,0,0,16148.41,17640.2,14671.74,7914.65,15407.882857142858,3356.220891259075,12387.037,4021.4052983958927
2017-05-10,20927.49,124,115,2,5,2,0,0,20787.05,10053.56,15430.49,11577.41,16961.301428571427,2957.7817412177355,12698.706333333332,4308.568147672076
2017-05-11,18164.55,138,126,3,5,2,0,0,20927.49,13508.55,9851.71,8296.51,17626.444285714286,2546.9015988834963,13027.641000000001,4337.483773174736
2017-05-12,12191.61,119,110,4,5,2,0,0,18164.55,13969.76,15790.49,8069.21,17372.422857142858,3017.5774519456077,13165.054333333333,4239.167273952462
2017-05-13,9053.65,80,72,5,5,2,1,0,12191.61,16219.98,11912.63,9691.43,16348.66142857143,4381.245773032409,13143.795000000002,4258.742152509799
2017-05-14,15022.9,127,110,6,5,2,1,0,9053.65,17167.87,8091.16,7001.07,16042.237142857144,4389.4030900974685,13411.189333333334,4108.958380533704
2017-05-15,17822.03,170,153,0,5,2,0,0,15022.9,16148.41,12580.27,8333.94,16281.325714285715,4441.422509511485,13727.459,4069.647488538526
2017-05-16,21115.89,171,150,1,5,2,0,0,17822.03,20787.05,17640.2,5455.96,16328.302857142857,4498.396306428607,14249.456666666665,3975.3362892346286
2017-05-17,18195.95,155,140,2,5,2,0,0,21115.89,20927.49,10053.56,7966.87,15938.082857142857,4136.888885675305,14590.426,3854.740796242716
2017-05-18,18245.13,140,125,3,5,2,0,0,18195.95,18164.55,13508.55,21286.72,15949.594285714285,4144.222502568521,14489.039666666667,3709.8187701617867
2017-05-19,18397.67,168,144,4,5,2,0,0,18245.13,12191.61,13969.76,12103.46,16836.174285714285,3860.395943448716,14698.846666666666,3748.0373500101705
2017-05-20,10632.41,80,72,5,5,2,1,0,18397.67,9053.65,16219.98,13373.14,17061.711428571427,3341.1295264846713,14607.489,3814.282404763073
2017-05-21,17426.2,164,148,6,5,2,1,0,10632.41,15022.9,17167.87,8446.26,17405.04,3217.914889028826,14906.820333333335,3663.4738043184457
2017-05-22,25414.2,167,148,0,5,2,0,0,17426.2,17822.03,16148.41,12860.18,18489.635714285712,4432.233928836411,15325.287666666665,4111.267162098509
2017-05-23,17625.88,141,124,1,5,2,0,0,25414.2,21115.89,20787.05,10029.05,17991.062857142857,4281.296993963848,15578.515333333333,4006.425342792571
2017-05-24,23350.97,159,141,2,5,2,0,0,17625.88,18195.95,20927.49,13296.03,18727.49428571429,4741.08515706007,15913.68,4223.591903405244
2017-05-25,15116.79,115,104,3,5,2,0,0,23350.97,18245.13,18164.55,14671.74,18280.588571428572,4937.505576562018,15928.515000000001,4219.859226368077
2017-05-26,10651.18,93,78,4,5,2,0,0,15116.79,18397.67,12191.61,15430.49,17173.947142857145,5713.950009120125,15769.204666666665,4328.135646867807
2017-05-27,13960.71,91,79,5,5,2,1,0,10651.18,10632.41,9053.65,9851.71,17649.41857142857,5193.682403161976,15906.171333333334,4197.458594603637
2017-05-28,9262.62,106,98,6,5,2,1,0,13960.71,17426.2,15022.9,15790.49,16483.192857142858,6091.168583284373,15688.575666666668,4369.344845042704
2017-05-29,18732.86,177,157,0,5,2,0,0,9262.62,25414.2,17822.03,11912.63,15528.715714285716,4856.866884699982,15915.916666666666,4343.458975915101
2017-05-30,13947.59,116,100,1,5,2,0,0,18732.86,17625.88,21115.89,8091.16,15003.245714285715,4790.684798839165,16111.131,4104.697369180951
2017-05-31,19825.26,139,123,2,5,2,0,0,13947.59,23350.97,18195.95,12580.27,14499.572857142859,3862.1125834432305,16352.630666666668,4102.924887920417
2017-06-01,19305.25,136,124,3,6,2,0,0,19825.26,15116.79,18245.13,17640.2,15097.924285714285,4275.957717645872,16408.132333333335,4132.100991567733
2017-06-02,19131.33,135,126,4,6,2,0,0,19305.25,10651.18,18397.67,10053.56,16309.374285714284,3998.4254320622217,16710.724666666665,3980.3043200122884
2017-06-03,10450.35,101,89,5,6,2,1,0,19131.33,13960.71,10632.41,13508.55,15807.894285714287,4527.250857039177,16608.784666666666,4102.431858185254
2017-06-04,13863.23,106,101,6,6,2,1,0,10450.35,9262.62,17426.2,13969.76,16465.124285714286,3671.8171417335902,16605.233666666667,4104.840323362989
2017-06-05,23925.55,162,145,0,6,2,0,0,13863.23,18732.86,25414.2,16219.98,17206.937142857143,4610.798359961522,16862.086,4315.573744279486
2017-06-06,14589.15,156,133,1,6,2,0,0,23925.55,13947.59,17625.88,17167.87,17298.588571428572,4541.061456944584,16776.128666666667,4334.911206336957
2017-06-07,12771.66,132,124,2,6,2,0,0,14589.15,19825.26,23350.97,16148.41,16290.931428571426,4667.7767422776,16663.570333333333,4395.192738560276
2017-06-08,18503.08,151,137,3,6,2,0,0,12771.66,19305.25,15116.79,20787.05,16176.335714285713,4590.649879598963,16587.438000000002,4340.747926776737
2017-06-09,16051.35,127,106,4,6,2,0,0,18503.08,19131.33,10651.18,20927.49,15736.33857142857,4404.029323670278,16424.9,4263.232808029848
2017-06-10,8220.35,83,76,5,6,2,1,0,16051.35,10450.35,13960.71,18164.55,15417.767142857143,4902.564642533934,16093.426666666666,4503.146358848354
2017-06-11,14303.56,126,113,6,6,2,1,0,8220.35,13863.23,9262.62,12191.61,15480.671428571428,4882.076293782632,16163.825,4456.309971772879
2017-06-12,14803.11,149,125,0,6,2,0,0,14303.56,23925.55,18732.86,9053.65,14177.465714285714,3169.193196408512,16355.473666666665,4259.259037101108
2017-06-13,13926.19,140,124,1,6,2,0,0,14803.11,14589.15,13947.59,15022.9,14082.757142857143,3164.7427656378713,16318.916666666666,4275.7653597490435
2017-06-14,20441.67,147,130,2,6,2,0,0,13926.19,12771.66,19825.26,17822.03,15178.472857142857,3881.714122157532,16406.237999999998,4333.875815075047
2017-06-15,12665.77,118,105,3,6,2,0,0,20441.67,18503.08,19305.25,21115.89,14344.57142857143,3669.6763936094385,16124.567333333334,4291.619884662097
2017-06-16,12831.33,103,95,4,6,2,0,0,12665.77,16051.35,19131.33,18195.95,13884.56857142857,3621.572796729949,15945.746666666668,4314.04089654758
2017-06-17,11264.77,84,74,5,6,2,1,0,12831.33,8220.35,10450.35,18245.13,14319.485714285716,2948.181338101281,15713.068000000001,4373.579433756984
2017-06-18,15726.27,99,88,6,6,2,1,0,11264.77,14303.56,13863.23,18397.67,14522.73,2995.5597677896676,15624.021333333334,4344.131681686529
2017-06-19,22692.83,178,155,0,6,2,0,0,15726.27,14803.11,23925.55,10632.41,15649.83285714286,4313.151690777548,16026.035333333333,4423.59011844509
2017-06-20,10968.33,107,92,1,6,2,0,0,22692.83,13926.19,14589.15,17426.2,15227.281428571428,4642.473144418576,15810.773,4509.400612072479
2017-06-21,6183.65,38,35,2,6,2,0,0,10968.33,20441.67,12771.66,25414.2,13190.42142857143,5080.537570059005,15169.754666666668,4463.780192212791
2017-06-22,8643.41,96,86,3,6,2,0,0,6183.65,12665.77,18503.08,17625.88,12615.798571428571,5369.045318910466,14870.339000000002,4592.744673110156
2017-06-23,13023.98,116,106,4,6,2,0,0,8643.41,12831.33,16051.35,23350.97,12643.320000000002,5370.827715504701,14526.106,4313.726503204904
2017-06-24,8325.65,81,76,5,6,2,1,0,13023.98,11264.77,8220.35,15116.79,12223.445714285714,5606.28449916657,14299.734666666667,4457.455132899483
2017-06-25,17646.18,117,105,6,6,2,1,0,8325.65,15726.27,14303.56,10651.18,12497.718571428572,5847.966103260266,14532.901333333335,4442.948795457059
2017-06-26,13414.76,83,72,0,6,2,0,0,17646.18,22692.83,14803.11,13960.71,11172.279999999999,3868.5785796939394,14514.703000000001,4446.490005540712
2017-06-27,16681.61,153,140,1,6,2,0,0,13414.76,10968.33,13926.19,9262.62,11988.462857142857,4386.407824479759,14762.002666666667,4349.567255786078
2017-06-28,14655.82,128,120,2,6,2,0,0,16681.61,6183.65,20441.67,18732.86,13198.772857142858,3619.5863337390606,14626.101333333334,4284.425747907086
2017-06-29,12169.53,122,110,3,6,2,0,0,14655.82,8643.41,12665.77,13947.59,13702.504285714285,3085.995895389687,14566.832666666665,4306.377778371031
2017-06-30,12736.89,97,93,4,6,2,0,0,12169.53,13023.98,12831.33,19825.26,13661.49142857143,3098.399193118017,14330.553666666667,4201.086052929715
2017-07-01,12151.75,94,80,5,7,3,1,0,12736.89,8325.65,11264.77,19305.25,14208.077142857142,2210.4784243968306,14092.103666666666,4111.038237995179
2017-07-02,11459.45,117,104,6,7,3,1,0,12151.75,17646.18,15726.27,19131.33,13324.25857142857,1806.6424767178057,13836.374333333335,4024.466402692997
2017-07-03,16569.25,129,116,0,7,3,0,0,11459.45,13414.76,22692.83,10450.35,13774.900000000003,2186.4727003021917,14040.337666666666,4001.9348008136426
2017-07-04,15484.24,134,123,1,7,3,0,0,16569.25,16681.61,10968.33,13863.23,13603.847142857141,1955.8478070879053,14094.371333333334,4010.3954575730177
2017-07-05,20662.92,161,139,2,7,3,0,0,15484.24,14655.82,6183.65,23925.55,14462.004285714285,3329.6864418032897,13985.617,3771.7361433541173
2017-07-06,22223.72,162,148,3,7,3,0,0,20662.92,12169.53,8643.41,14589.15,15898.317142857142,4224.308640040863,14240.102666666668,4060.3762898401533
2017-07-07,13237.87,133,116,4,7,3,0,0,22223.72,12736.89,13023.98,12771.66,15969.885714285714,4165.65728937967,14255.643000000002,4055.451478892246
2017-07-08,10206.86,91,83,5,7,3,1,0,13237.87,12151.75,8325.65,18503.08,15692.044285714286,4513.131543067258,13979.102333333334,4038.656292136235
2017-07-09,8070.58,96,88,6,7,3,1,0,10206.86,11459.45,17646.18,16051.35,15207.92,5175.927729290027,13713.076666666666,4158.518182892864
2017-07-10,17326.93,156,140,0,7,3,0,0,8070.58,16569.25,13414.76,8220.35,15316.160000000002,5216.901057796038,14016.629333333334,4075.2850286735247
2017-07-11,19973.79,183,161,1,7,3,0,0,17326.93,15484.24,16681.61,14303.56,15957.524285714286,5508.813683280214,14205.636999999999,4218.0409366002505
2017-07-12,19042.22,164,147,2,7,3,0,0,19973.79,20662.92,14655.82,14803.11,15725.995714285715,5308.507788581332,14346.940666666667,4308.775209147613
2017-07-13,14465.01,154,136,3,7,3,0,0,19042.22,22223.72,12169.53,13926.19,14617.608571428573,4469.368697364433,14364.901333333335,4308.0838286418075
2017-07-14,18745.15,168,149,4,7,3,0,0,14465.01,13237.87,12736.89,20441.67,15404.362857142858,4666.397305815687,14308.350666666667,4236.09906587045
2017-07-15,10930.56,112,98,5,7,3,1,0,18745.15,10206.86,12151.75,12665.77,15507.748571428572,4538.3117034767865,14250.510333333334,4271.003100285074
2017-07-16,13027.62,146,111,6,7,3,1,0,10930.56,8070.58,11459.45,12831.33,16215.897142857142,3437.7046432162488,14257.053333333333,4268.903843070444
2017-07-17,21554.98,194,163,0,7,3,0,0,13027.62,17326.93,16569.25,11264.77,16819.904285714285,3992.1698074558376,14600.060333333333,4430.5328575135045
2017-07-18,28238.2,220,190,1,7,3,0,0,21554.98,19973.79,15484.24,15726.27,18000.534285714286,5863.6989203512685,15017.124666666667,5081.30870413134
2017-07-19,16545.34,171,150,2,7,3,0,0,28238.2,19042.22,20662.92,22692.83,17643.837142857144,5865.714527247061,14812.208333333334,4881.1054248433375
2017-07-20,17974.18,167,140,3,7,3,0,0,16545.34,14465.01,22223.72,10968.33,18145.147142857142,5696.265499976617,15045.736666666666,4858.398752071853
2017-07-21,12799.85,130,113,4,7,3,0,0,17974.18,18745.15,13237.87,6183.65,17295.818571428572,6025.602720039523,15266.276666666668,4584.702467215508
2017-07-22,11456.81,101,88,5,7,3,1,0,12799.85,10930.56,10206.86,8643.41,17370.997142857144,5935.560497702853,15360.056666666667,4471.947957186947
2017-07-23,12117.61,107,104,6,7,3,1,0,11456.81,13027.62,8070.58,13023.98,17240.995714285713,6055.3023513690305,15329.844333333334,4491.294491465326
2017-07-24,18212.72,176,158,0,7,3,0,0,12117.61,21554.98,17326.93,8325.65,16763.53,5784.146328698825,15659.413333333332,4319.05889390057
2017-07-25,17070.12,169,149,1,7,3,0,0,18212.72,28238.2,19973.79,17646.18,15168.09,2925.3500296204106,15640.211333333333,4311.194778584554
2017-07-26,11097.25,144,121,2,7,3,0,0,17070.12,16545.34,19042.22,13414.76,14389.79142857143,3208.8605676025327,15562.961,4372.770161867607
2017-07-27,15693.93,138,123,3,7,3,0,0,11097.25,17974.18,14465.01,16681.61,14064.041428571427,2883.5990647940503,15530.038333333334,4367.772682608998
2017-07-28,20043.16,153,132,4,7,3,0,0,15693.93,12799.85,18745.15,14655.82,15098.800000000001,3571.821739066328,15709.616333333333,4440.729474645978
2017-07-29,15814.28,129,114,5,7,3,1,0,20043.16,11456.81,10930.56,12169.53,15721.295714285716,3190.683763818558,15831.108000000002,4390.107241743607
2017-07-30,12944.87,130,117,6,7,3,1,0,15814.28,12117.61,13027.62,12736.89,15839.475714285712,3047.047771121312,15838.040666666668,4385.213984993862
2017-07-31,17146.08,164,145,0,7,3,0,0,12944.87,18212.72,21554.98,12151.75,15687.098571428573,2933.126758287319,16004.518333333333,4334.957076289169
2017-08-01,21745.04,185,165,1,8,3,0,0,17146.08,17070.12,28238.2,11459.45,16354.944285714286,3725.658247759092,16347.371333333334,4369.696707724086
2017-08-02,17999.35,169,152,2,8,3,0,0,21745.04,11097.25,16545.34,16569.25,17340.95857142857,2930.8226383357,16395.041333333334,4379.989217089336
2017-08-03,18985.61,165,145,3,8,3,0,0,17999.35,15693.93,17974.18,15484.24,17811.198571428573,2886.24968969209,16511.753666666667,4401.479745683095
2017-08-04,18361.62,161,141,4,8,3,0,0,18985.61,20043.16,12799.85,20662.92,17570.97857142857,2735.568070775738,16435.04366666667,4346.346009518629
2017-08-05,11898.24,125,114,5,8,3,1,0,18361.62,15814.28,11456.81,22223.72,17011.544285714284,3459.364151781171,16090.861,4280.472693749308
2017-08-06,14181.14,122,108,6,8,3,1,0,11898.24,12944.87,12117.61,13237.87,17188.154285714285,3241.867081317286,16122.303333333333,4262.218808676625
2017-08-07,23257.84,182,157,0,8,3,0,0,14181.14,17146.08,18212.72,10206.86,18061.262857142858,3969.9138827717497,16557.336,4303.465231958208
2017-08-08,18661.63,159,146,1,8,3,0,0,23257.84,21745.04,17070.12,8070.58,17620.77571428571,3651.331301196224,16910.371,4007.4869224544964
2017-08-09,20508.27,160,141,2,8,3,0,0,18661.63,17999.35,11097.25,17326.93,17979.192857142854,3814.1924975181664,17016.415666666664,4060.629232917655
2017-08-10,19865.55,175,154,3,8,3,0,0,20508.27,18985.61,15693.93,19973.79,18104.89857142857,3867.0238506178976,17012.807666666668,4057.958108167113
2017-08-11,19139.34,163,137,4,8,3,0,0,19865.55,18361.62,20043.16,19042.22,18216.001428571428,3886.75093599367,17016.045,4059.671326758084
2017-08-12,13371.96,106,95,5,8,3,1,0,19139.34,11898.24,15814.28,14465.01,18426.532857142858,3509.0682653933254,16979.61,4088.1610307924116
2017-08-13,12264.29,108,91,6,8,3,1,0,13371.96,14181.14,12944.87,18745.15,18152.697142857145,3943.4827051973393,16763.58133333333,4162.210194791436
2017-08-14,17927.47,174,154,0,8,3,0,0,12264.29,23257.84,17146.08,10930.56,17391.215714285714,3246.4236986970723,16996.81166666667,4017.6096202662306
2017-08-15,23727.26,210,193,1,8,3,0,0,17927.47,18661.63,21745.04,13027.62,18114.87714285714,4043.540212065477,17353.466333333334,4126.544853907892
2017-08-16,21098.91,204,170,2,8,3,0,0,23727.26,20508.27,17999.35,21554.98,18199.254285714287,4107.464564419509,17338.264,4111.344684586787
2017-08-17,18357.91,169,155,3,8,3,0,0,21098.91,19865.55,18985.61,28238.2,17983.87714285714,4044.5747596903016,17008.921,3567.905631003609
2017-08-18,17132.01,160,146,4,8,3,0,0,18357.91,19139.34,18361.62,16545.34,17697.115714285716,4020.0843340401825,17028.476666666666,3566.884751074892
2017-08-19,12882.48,123,107,5,8,3,1,0,17132.01,13371.96,11898.24,17974.18,17627.19,4111.082302480301,16858.753333333334,3640.708964990327
2017-08-20,12873.78,118,103,6,8,3,1,0,12882.48,12264.29,14181.14,12799.85,17714.26,3983.0291678235794,16861.217666666667,3637.8907552882383
2017-08-21,22219.35,212,177,0,8,3,0,0,12873.78,17927.47,23257.84,11456.81,18327.385714285712,4336.012829081798,17219.968999999997,3617.1722122249157
2017-08-22,16627.12,161,136,1,8,3,0,0,22219.35,23727.26,18661.63,12117.61,17313.079999999998,3636.312054522651,17370.286,3489.262624064548
2017-08-23,15873.61,158,111,2,8,3,0,0,16627.12,21098.91,20508.27,18212.72,16566.60857142857,3244.8836672389953,17292.31566666667,3495.916923524363
2017-08-24,13361.11,143,126,3,8,3,0,0,15873.61,18357.91,19865.55,17070.12,15852.779999999999,3333.547203835598,17168.682,3568.869556957104
2017-08-25,15068.65,133,121,4,8,3,0,0,13361.11,17132.01,19139.34,11097.25,15558.014285714287,3292.553326345485,17301.062,3405.8275689900156
2017-08-26,10141.69,99,93,5,8,3,1,0,15068.65,12882.48,13371.96,15693.93,15166.472857142857,3789.2478731041033,17115.987333333334,3639.0427723120824
2017-08-27,13367.88,143,118,6,8,3,1,0,10141.69,12873.78,12264.29,20043.16,15237.058571428572,3743.7507037302994,16893.478,3657.9200483423433
2017-08-28,22062.52,171,154,0,8,3,0,0,13367.88,22219.35,17927.47,15814.28,15214.654285714287,3695.1552165272756,17101.752666666664,3770.502436533229
2017-08-29,33756.48,155,137,1,8,3,0,0,22062.52,16627.12,23727.26,12944.87,17661.705714285716,7977.184643424979,17795.472999999998,4763.1733920165925
2017-08-30,30856.17,197,177,2,8,3,0,0,33756.48,15873.61,21098.91,17146.08,19802.071428571428,9315.232084951736,18252.476000000002,5323.472242253043
2017-08-31,20671.51,172,148,3,8,3,0,0,30856.17,13361.11,18357.91,21745.04,20846.414285714283,8872.022205237568,18216.691666666666,5302.7535181418825
2017-09-01,28419.14,182,157,4,9,3,0,0,20671.51,15068.65,17132.01,17999.35,22753.62714285714,8857.934827851072,18564.018,5619.793524524325
2017-09-02,18128.66,118,104,5,9,3,1,0,28419.14,10141.69,12882.48,18985.61,23894.622857142855,7348.404821498581,18535.452999999998,5619.754616336512
2017-09-03,27741.42,141,124,6,9,3,1,0,18128.66,13367.88,12873.78,18361.62,25947.985714285714,5751.315218277899,18848.113,5865.311640932324
2017-09-04,24937.98,161,148,0,9,3,0,0,27741.42,22062.52,22219.35,11898.24,26358.765714285713,5525.81587802757,19282.771,5815.4741757186675
2017-09-05,20981.55,181,154,1,9,3,0,0,24937.98,33756.48,16627.12,14181.14,24533.77571428571,4727.2613528936245,19509.451333333334,5741.831225345266
2017-09-06,25134.71,156,139,2,9,3,0,0,20981.55,30856.17,15873.61,23257.84,23716.424285714285,3868.5485736162555,19572.01366666667,5794.06903918403
2017-09-07,16893.5,104,97,3,9,3,0,1,25134.71,20671.51,13361.11,18661.63,23176.70857142857,4565.007298900419,19513.076,5812.611949176344
2017-09-08,11573.57,132,114,4,9,3,0,0,16893.5,28419.14,15068.65,20508.27,20770.198571428573,5651.643634051444,19215.25266666667,5986.166969944519
2017-09-09,15082.53,119,106,5,9,3,1,0,11573.57,18128.66,10141.69,19865.55,20335.037142857145,5995.731037851605,19055.818666666666,6031.77102366766
2017-09-10,17708.37,151,134,6,9,3,1,0,15082.53,27741.42,13367.88,19139.34,18901.744285714285,5055.6456630512175,19008.119666666666,6036.743741554991
2017-09-11,23326.79,192,177,0,9,3,0,0,17708.37,24937.98,22062.52,13371.96,18671.574285714283,4763.250969572,19339.947333333334,5989.667265768054
2017-09-12,27006.02,243,203,1,9,3,0,0,23326.79,20981.55,33756.48,12264.29,19532.21285714286,5701.950910348474,19831.338333333333,5993.867828065435
2017-09-13,27333.38,227,204,2,9,3,0,0,27006.02,25134.71,30856.17,17927.47,19846.308571428573,6108.097178269262,20144.86866666667,6135.18392245834
2017-09-14,22557.76,198,166,3,9,3,0,0,27333.38,16893.5,20671.51,23727.26,20655.488571428574,6026.366944772576,20105.885333333335,6115.319646599101
2017-09-15,18208.27,163,148,4,9,3,0,0,22557.76,11573.57,28419.14,21098.91,21603.302857142855,4745.555142712356,20009.53066666667,6121.903063177691
2017-09-16,20705.63,135,127,5,9,3,1,0,18208.27,15082.53,18128.66,18357.91,22406.602857142858,3849.0272223238844,20087.788,6115.063913958373
2017-09-17,19979.42,136,125,6,9,3,1,0,20705.63,17708.37,27741.42,17132.01,22731.03857142857,3463.4057963774294,20182.701666666664,6089.649373850278
2017-09-18,28487.81,218,183,0,9,3,0,0,19979.42,23326.79,24937.98,12882.48,23468.32714285714,4101.857601858407,20702.879333333334,6111.027621963393
2017-09-19,20057.95,179,153,1,9,3,0,0,28487.81,27006.02,20981.55,12873.78,22475.745714285713,3940.606784370702,20942.351666666666,5931.784132423361
2017-09-20,22102.55,187,161,2,9,3,0,0,20057.95,27333.38,25134.71,22219.35,21728.484285714287,3311.7004107449748,20938.458333333332,5930.9553440618465
2017-09-21,19015.53,176,150,3,9,3,0,0,22102.55,22557.76,16893.5,16627.12,21222.45142857143,3432.2999004963863,21018.071999999996,5886.953935661701
2017-09-22,15755.12,152,135,4,9,3,0,0,19015.53,18208.27,11573.57,15873.61,20872.00142857143,3886.5325696496507,21014.122333333336,5890.563110680353
2017-09-23,10302.51,98,84,5,9,3,1,0,15755.12,20705.63,15082.53,13361.11,19385.841428571428,5580.570181096872,20912.168999999998,6051.849206153127
2017-09-24,12920.75,123,112,6,9,3,1,0,10302.51,19979.42,17708.37,15068.65,18377.46,6071.570653433371,20840.57233333333,6135.492466692403
2017-09-25,17897.6,153,132,0,9,3,0,0,12920.75,28487.81,23326.79,10141.69,16864.572857142855,4146.748066170711,21099.10266666667,5824.661101377154
2017-09-26,21681.9,196,179,1,9,3,0,0,17897.6,20057.95,27006.02,13367.88,17096.565714285716,4393.2781149192715,21376.236666666668,5638.957419602057
2017-09-27,20646.92,174,144,2,9,3,0,0,21681.9,22102.55,27333.38,22062.52,16888.61857142857,4144.228885970748,21329.05,5638.939442850142
2017-09-28,23264.52,165,142,3,9,3,0,0,20646.92,19015.53,22557.76,33756.48,17495.617142857143,4771.391032283686,20979.318000000003,5145.360001228696
2017-09-29,30878.56,135,116,4,9,3,0,0,23264.52,15755.12,18208.27,30856.17,19656.108571428573,6831.261486974002,20980.064333333332,5146.843447634668
2017-09-30,12685.49,120,109,5,9,3,1,0,30878.56,10302.51,20705.63,20671.51,19996.534285714286,6328.313234777643,20713.863666666668,5365.241905739192
2017-10-01,18431.37,142,126,6,10,4,1,0,12685.49,12920.75,19979.42,28419.14,20783.765714285713,5602.531765686697,20380.938000000002,5177.2117029092715
2017-10-02,21764.65,166,142,0,10,4,0,0,18431.37,17897.6,28487.81,18128.66,21336.20142857143,5459.3353996600035,20502.137666666666,5165.212988962756
2017-10-03,26118.57,218,198,1,10,4,0,0,21764.65,21681.9,20057.95,27741.42,21970.011428571426,5755.657997047846,20448.042666666668,5094.800076621692
2017-10-04,21197.7,171,157,2,10,4,0,0,26118.57,20646.92,22102.55,24937.98,22048.69428571429,5738.294620996884,20323.366666666665,5026.443084989306
2017-10-05,25230.42,170,139,3,10,4,0,0,21197.7,23264.52,19015.53,20981.55,22329.53714285714,5854.644713455321,20464.995666666666,5104.875885617246
2017-10-06,17024.77,153,125,4,10,4,0,0,25230.42,30878.56,15755.12,25134.71,20350.424285714285,4713.4159064591195,20194.664333333334,5063.627996796631
2017-10-07,15111.02,116,102,5,10,4,1,0,17024.77,12685.49,10302.51,16893.5,20696.928571428572,4106.0406754010055,20135.248333333337,5113.907245422702
2017-10-08,16539.010000000002,137,124,6,10,4,1,0,15111.02,18431.37,12920.75,11573.57,20426.59142857143,4335.923126983944,20300.762999999995,4903.264617083091
2017-10-09,29148.89,221,189,0,10,4,0,0,16539.010000000002,21764.65,17897.6,15082.53,21481.48285714286,5466.563459260643,20769.641666666666,5057.197305081614
2017-10-10,28072.33,204,178,1,10,4,0,0,29148.89,26118.57,21681.9,17708.37,21760.591428571428,5783.471766627795,21115.107000000004,5193.031061859966
2017-10-11,22669.37,178,156,2,10,4,0,0,28072.33,21197.7,20646.92,23326.79,21970.829999999998,5786.347494827791,21093.193000000003,5184.7567087956095
2017-10-12,18704.98,156,138,3,10,4,0,1,22669.37,25230.42,23264.52,27006.02,21038.624285714286,5698.665059812559,20816.491666666665,5078.740310549518
2017-10-13,22881.19,165,151,4,10,4,0,0,18704.98,17024.77,30878.56,27333.38,21875.255714285715,5434.964856328736,20668.085333333333,4945.032002209294
2017-10-14,13490.95,127,115,5,10,4,1,0,22881.19,15111.02,12685.49,22557.76,21643.817142857144,5793.67196118521,20365.858333333334,5100.1929309167335
2017-10-15,18751.85,137,120,6,10,4,1,0,13490.95,16539.010000000002,18431.37,18208.27,21959.937142857143,5522.751484718192,20383.977666666666,5093.224221762633
2017-10-16,30580.16,226,194,0,10,4,0,0,18751.85,29148.89,21764.65,20705.63,22164.404285714285,5850.060612346544,20713.128666666667,5423.116290627297
2017-10-17,29675.77,259,197,1,10,4,0,0,30580.16,28072.33,26118.57,19979.42,22393.467142857142,6143.953601025725,21036.340333333337,5661.583050722736
2017-10-18,27257.79,223,176,2,10,4,0,0,29675.77,22669.37,21197.7,28487.81,23048.955714285716,6416.993749806969,20995.339666666663,5609.97805849879
2017-10-19,23223.71,195,175,3,10,4,0,0,27257.79,18704.98,25230.42,20057.95,23694.48857142857,6127.945252106456,21100.865,5621.50006905247
2017-10-20,18543.3,130,119,4,10,4,0,0,23223.71,22881.19,17024.77,22102.55,23074.789999999997,6435.51840663722,20982.22333333333,5637.167662204339
2017-10-21,14559.65,122,108,5,10,4,1,0,18543.3,13490.95,15111.02,19015.53,23227.46142857143,6177.780657205904,20833.694,5748.378646885545
2017-10-22,19735.66,181,156,6,10,4,1,0,14559.65,18751.85,16539.010000000002,15755.12,23368.00571428571,6069.227762169997,20966.378666666667,5672.551767638884
2017-10-23,22138.1,188,157,0,10,4,0,0,19735.66,30580.16,29148.89,10302.51,22161.99714285714,5169.291629084558,21360.898333333334,5304.984403309056
2017-10-24,22051.37,192,163,1,10,4,0,0,22138.1,29675.77,28072.33,12920.75,21072.79714285714,3991.2490738101556,21665.252333333334,5060.341519671198
2017-10-25,17507.06,171,154,2,10,4,0,0,22051.37,27257.79,22669.37,17897.6,19679.83571428571,3067.5280208927124,21652.23433333333,5070.859642492575
2017-10-26,21851.8,178,142,3,10,4,0,0,17507.06,23223.71,18704.98,21681.9,19483.84857142857,2838.6580203236335,21657.897666666668,5070.988790558531
2017-10-27,20377.58,156,131,4,10,4,0,0,21851.8,18543.3,22881.19,20646.92,19745.88857142857,2821.977606162211,21648.919666666665,5073.078407925024
2017-10-28,16483.61,97,86,5,10,4,1,0,20377.58,14559.65,13490.95,23264.52,20020.739999999998,2272.954518587359,21422.889333333333,5149.10497620565
2017-10-29,17048.75,159,129,6,10,4,1,0,16483.61,19735.66,18751.85,30878.56,19636.895714285714,2540.2766373426007,20961.895666666667,4885.704382045212
2017-10-30,20195.24,168,143,0,10,4,0,0,17048.75,22138.1,30580.16,12685.49,19359.344285714287,2317.8479335859492,21212.220666666668,4632.873927207557
2017-10-31,23813.0,194,157,1,10,4,0,0,20195.24,22051.37,29675.77,18431.37,19611.005714285715,2719.657659583028,21391.608333333334,4625.669116923063
2017-11-01,19383.61,127,109,2,11,4,0,0,23813.0,17507.06,27257.79,21764.65,19879.084285714285,2565.8424578479635,21312.240333333335,4639.454291026856
2017-11-02,21163.83,143,119,3,11,4,0,1,19383.61,21851.8,23223.71,26118.57,19780.802857142855,2489.7334093413547,21147.082333333332,4549.7800373157015
2017-11-03,22844.05,169,138,4,11,4,0,0,21163.83,20377.58,18543.3,21197.7,20133.155714285713,2749.2698135435744,21201.96066666667,4560.3283359568095
2017-11-04,19169.07,135,111,5,11,4,1,0,22844.05,16483.61,14559.65,25230.42,20516.792857142857,2306.9078217440306,20999.915666666664,4509.685881796393
2017-11-05,16461.54,161,140,6,11,4,1,0,19169.07,17048.75,19735.66,17024.77,20432.905714285713,2459.6557108455695,20981.141333333333,4527.940965309643
2017-11-06,27867.84,205,186,0,11,4,0,0,16461.54,20195.24,22138.1,15111.02,21528.99142857143,3721.8134666916753,21406.368666666665,4556.575308358572
2017-11-07,20829.71,177,157,1,11,4,0,0,27867.84,23813.0,22051.37,16539.010000000002,21102.807142857146,3584.9742195572903,21549.392,4464.94646951377
2017-11-08,19227.52,198,173,2,11,4,0,0,20829.71,19383.61,17507.06,29148.89,21080.50857142857,3597.9119731098963,21218.679666666667,4244.6488120963495
2017-11-09,24640.35,221,186,3,11,4,0,0,19227.52,21163.83,21851.8,28072.33,21577.15428571429,3842.931892339726,21104.280333333332,4097.25287006869
2017-11-10,19323.84,188,163,4,11,4,0,0,24640.35,22844.05,20377.58,22669.37,21074.26714285714,3879.6667671580253,20992.762666666666,4098.714381169596
2017-11-11,23203.07,174,154,5,11,4,1,0,19323.84,19169.07,16483.61,18704.98,21650.552857142855,3848.9863216424073,21142.699,4094.4091806960323
2017-11-12,23087.26,186,172,6,11,4,1,0,23203.07,16461.54,17048.75,22881.19,22597.084285714285,3102.552577877613,21149.568000000003,4097.597953473014
2017-11-13,24200.32,233,200,0,11,4,0,0,23087.26,27867.84,20195.24,13490.95,22073.152857142853,2259.165220235927,21506.547,3867.408463857717
2017-11-14,26692.95,213,185,1,11,4,0,0,24200.32,20829.71,23813.0,18751.85,22910.75857142857,2754.0351343644916,21771.250333333333,3943.3793639793953
2017-11-15,22947.39,213,182,2,11,4,0,1,26692.95,19227.52,19383.61,30580.16,23442.16857142857,2234.8220100149647,21516.824666666667,3585.4179088104756
2017-11-16,28268.82,257,224,3,11,4,0,0,22947.39,24640.35,21163.83,29675.77,23960.52142857143,2885.2115458051394,21469.92633333333,3482.7480938076196
2017-11-17,29209.07,225,189,4,11,4,0,0,28268.82,19323.84,22844.05,27257.79,25372.697142857145,2646.8673208386062,21534.969,3610.4472770838856
2017-11-18,23224.8,170,145,5,11,4,1,0,29209.07,23203.07,19169.07,23223.71,25375.801428571427,2643.9097446106493,21535.00533333333,3610.4648629979797
2017-11-19,19955.56,176,158,6,11,4,1,0,23224.8,23087.26,16461.54,18543.3,24928.41571428571,3283.3435666042433,21582.08066666667,3579.1836067335125
2017-11-20,44235.47,261,225,0,11,4,0,0,19955.56,24200.32,27867.84,14559.65,27790.579999999998,7953.724503773854,22571.274666666668,5271.957289349217
2017-11-21,34209.84,256,224,1,11,4,0,0,44235.47,26692.95,20829.71,19735.66,28864.42142857143,8281.511137530808,23053.74733333333,5652.111513954054
2017-11-22,24678.47,238,197,2,11,4,0,0,34209.84,22947.39,19227.52,22138.1,29111.718571428566,8099.211871368315,23138.426333333333,5656.948032202943
2017-11-23,43563.89,334,275,3,11,4,0,0,24678.47,28268.82,24640.35,22051.37,31296.72857142857,9732.40547280304,23855.51033333333,6768.645666925007
2017-11-24,152653.74,1366,1166,4,11,4,0,0,43563.89,29209.07,19323.84,17507.06,48931.68142857143,46752.08242486864,28360.399666666668,24402.14989626394
2017-11-25,60923.48,580,498,5,11,4,1,0,152653.74,23224.8,23203.07,21851.8,54317.20714285714,45450.47769464901,29662.789,25076.151920554446
2017-11-26,44976.28,455,387,6,11,4,1,0,60923.48,19955.56,23087.26,20377.58,57891.595714285715,43227.25198670346,30482.745666666666,25164.086677806183
2017-11-27,47923.66,474,400,0,11,4,0,0,44976.28,44235.47,24200.32,16483.61,58418.479999999996,43055.19443973007,31530.747333333336,25215.599277024576
2017-11-28,47886.55,431,376,1,11,4,0,0,47923.66,34209.84,26692.95,17048.75,60372.29571428571,42072.6358761752,32558.674000000003,25233.42883832936
2017-11-29,39787.42,365,318,2,11,4,0,0,47886.55,24678.47,22947.39,20195.24,62530.71714285714,40285.887872436004,33211.746666666666,25155.82961740244
2017-11-30,31322.74,295,264,3,11,4,0,0,39787.42,43563.89,28268.82,23813.0,60781.98142857144,41493.99020604482,33462.07133333333,25096.37230452596
2017-12-01,39981.91,312,274,4,12,4,0,0,31322.74,152653.74,29209.07,19383.61,44686.00571428571,9212.014332551085,34148.681333333334,24979.42008557427
2017-12-02,31208.13,235,214,5,12,4,1,0,39981.91,60923.48,23224.8,21163.83,40440.955714285716,7083.098009248994,34483.49133333333,24866.43559197705
2017-12-03,29262.92,261,231,6,12,4,1,0,31208.13,44976.28,19955.56,22844.05,38196.19,7854.172656628581,34697.45366666667,24790.32996020556
2017-12-04,46548.53,368,330,0,12,4,0,0,29262.92,47923.66,44235.47,19169.07,37999.74285714286,7582.830817444711,35610.102333333336,24702.772990954523
2017-12-05,33632.37,323,275,1,12,4,0,0,46548.53,47886.55,34209.84,16461.54,35963.43142857143,6288.812550742776,36182.46333333333,24441.34349413846
2017-12-06,39198.74,314,273,2,12,4,0,0,33632.37,39787.42,24678.47,27867.84,35879.334285714285,6232.840530102961,36560.159999999996,24395.93253459994
2017-12-07,28055.78,257,226,3,12,4,0,0,39198.74,31322.74,43563.89,20829.71,35412.625714285714,6733.133722922846,36801.028999999995,24270.615899774253
2017-12-08,29847.46,237,215,4,12,4,0,0,28055.78,39981.91,152653.74,19227.52,33964.84714285714,6676.211617690796,37155.026999999995,24082.176521395144
2017-12-09,20027.04,170,155,5,12,4,1,0,29847.46,31208.13,60923.48,24640.35,32367.54857142857,8526.764224554754,37001.25,24179.377741848813
2017-12-10,24695.79,205,187,6,12,4,1,0,20027.04,29262.92,44976.28,19323.84,31715.10142857143,8967.27010614231,37180.314999999995,24063.564190374647
2017-12-11,33705.39,295,266,0,12,4,0,0,24695.79,46548.53,47923.66,23203.07,29880.36714285714,6361.84584140404,37530.39233333334,23929.230160801922
2017-12-12,33468.71,295,258,1,12,4,0,0,33705.39,33632.37,47886.55,23087.26,29856.98714285714,6346.040073782748,37876.44066666667,23787.807899236945
2017-12-13,29361.48,260,217,2,12,4,0,0,33468.71,39198.74,39787.42,24200.32,28451.664285714283,4843.9997636830485,38048.47933333334,23704.00424085217
2017-12-14,25286.23,215,199,3,12,4,0,0,29361.48,28055.78,31322.74,26692.95,28056.014285714286,4992.55244765255,38001.58866666667,23728.6206452266
2017-12-15,27382.2,208,192,4,12,4,0,0,25286.23,29847.46,39981.91,22947.39,27703.834285714285,4931.7003885233635,38149.41566666667,23645.268264370636
2017-12-16,20296.28,144,131,5,12,4,1,0,27382.2,20027.04,31208.13,28268.82,27742.29714285714,4862.4127512984805,37883.664333333334,23804.41294700652
2017-12-17,19312.41,151,133,6,12,4,1,0,20296.28,24695.79,29262.92,29209.07,26973.242857142854,5766.28168165501,37553.77566666667,23996.57324781182
2017-12-18,29162.11,233,208,0,12,4,0,0,19312.41,33705.39,46548.53,23224.8,26324.20285714286,5099.356010941335,37751.686,23898.604601808813
2017-12-19,20615.99,201,174,1,12,4,0,0,29162.11,33468.71,33632.37,19955.56,24488.100000000002,4358.160662328378,37773.700333333334,23881.94469740304
2017-12-20,27958.53,196,171,2,12,4,0,0,20615.99,29361.48,39198.74,44235.47,24287.678571428572,4122.585286550277,37231.13566666667,23914.9520407909
2017-12-21,18327.53,155,142,3,12,4,0,0,27958.53,25286.23,28055.78,34209.84,23293.57857142857,4647.273018256432,36701.725333333336,24158.69431770336
2017-12-22,14935.3,127,110,4,12,4,0,0,18327.53,27382.2,29847.46,24678.47,21515.450000000004,5173.565598517793,36376.952999999994,24390.28008341595
2017-12-23,12875.05,119,107,5,12,4,1,0,14935.3,20296.28,20027.04,43563.89,20455.274285714284,6135.919041023556,35353.99166666667,24719.79591923585
2017-12-24,5643.01,60,58,6,12,4,1,0,12875.05,19312.41,24695.79,152653.74,18502.502857142856,8339.672611445298,30453.634000000002,11925.179551987829
2017-12-25,10381.34,101,90,0,12,4,0,1,5643.01,29162.11,33705.39,60923.48,15819.535714285714,7294.275249367078,28768.896,11006.929667364113
2017-12-26,20549.43,181,168,1,12,4,0,0,10381.34,20615.99,33468.71,44976.28,15810.027142857143,7287.020445396347,27954.667666666668,10664.82101665989
2017-12-27,17700.4,184,166,2,12,4,0,0,20549.43,27958.53,29361.48,47923.66,14344.58,5156.85049875736,26947.22566666667,10127.386872808225
2017-12-28,15037.49,157,146,3,12,4,0,0,17700.4,18327.53,25286.23,47886.55,13874.574285714287,4875.594636632813,25852.256999999998,9544.40220479182
2017-12-29,16042.72,151,133,4,12,4,0,0,15037.49,14935.3,27382.2,39787.42,14032.777142857143,4933.373729912544,25060.767,9331.107310705253
2017-12-30,13042.65,108,96,5,12,4,1,0,16042.72,12875.05,20296.28,31322.74,14056.72,4927.221410233905,24451.430666666663,9503.359574803677
2017-12-31,8640.87,77,73,6,12,4,1,0,13042.65,5643.01,19312.41,39981.91,14484.985714285716,4141.700527500259,23406.729333333333,9459.7832355197
2018-01-01,6948.21,81,73,0,1,1,0,1,8640.87,10381.34,29162.11,31208.13,13994.538571428571,4851.140944432386,22598.065333333336,9800.669135080956
2018-01-02,25315.0,233,203,1,1,1,0,0,6948.21,20549.43,20615.99,29262.92,14675.334285714285,6098.405207644802,22466.468,9734.372550977425
2018-01-03,31286.73,246,221,2,1,1,0,0,25315.0,17700.4,27958.53,46548.53,16616.238571428574,8789.775834613083,21957.74133333333,8784.919458369091
2018-01-04,34839.44,278,255,3,1,1,0,0,31286.73,15037.49,18327.53,33632.37,19445.088571428572,11084.048841567232,21997.977,8842.80756941035
2018-01-05,27720.39,244,209,4,1,1,0,0,34839.44,16042.72,14935.3,39198.74,21113.327142857142,11361.926147246804,21615.36533333333,8304.859685989686
2018-01-06,27609.67,258,215,5,1,1,1,0,27720.39,13042.65,12875.05,28055.78,23194.329999999998,10964.433602837553,21600.495,8293.32147443024
2018-01-07,29433.01,220,195,6,1,1,1,0,27609.67,8640.87,5643.01,29847.46,26164.635714285716,9006.217697631357,21586.68,8279.44356192175
2018-01-08,38714.4,334,292,0,1,1,0,0,29433.01,6948.21,10381.34,20027.04,30702.662857142856,4668.002378818634,22209.592,8841.930121308274
2018-01-09,30248.91,272,251,1,1,1,0,0,38714.4,25315.0,20549.43,24695.79,31407.507142857143,4050.5723787990373,22394.696,8953.199521570195
2018-01-10,38479.53,317,277,2,1,1,0,0,30248.91,31286.73,17700.4,33705.39,32435.05,4848.553555549578,22553.834,9200.194914488646
2018-01-11,40056.96,305,264,3,1,1,0,0,38479.53,34839.44,15037.49,33468.71,33180.409999999996,5619.524291180325,22773.442333333332,9541.9980459298
2018-01-12,30988.94,284,239,4,1,1,0,0,40056.96,27720.39,16042.72,29361.48,33647.345714285715,5211.187311713228,22827.691,9585.272375073106
2018-01-13,28091.91,240,216,5,1,1,1,0,30988.94,27609.67,13042.65,25286.23,33716.23714285714,5120.464740117785,22921.213666666663,9623.697657732395
2018-01-14,30962.53,252,232,6,1,1,1,0,28091.91,29433.01,8640.87,27382.2,33934.74,4936.557820823366,23040.558,9702.801264237647
2018-01-15,38330.3,340,305,0,1,1,0,0,30962.53,38714.4,6948.21,20296.28,33879.868571428575,4876.34324387103,23641.692,10078.297791639598
2018-01-16,44237.17,362,301,1,1,1,0,0,38330.3,30248.91,25315.0,19312.41,35878.19142857143,5899.281222282915,24472.51733333333,10716.267708343636
2018-01-17,36089.22,300,282,2,1,1,0,0,44237.17,38479.53,31286.73,29162.11,35536.71857142857,5791.811149474734,24703.421,10893.955015761869
2018-01-18,27774.77,274,238,3,1,1,0,0,36089.22,40056.96,34839.44,20615.99,33782.12,6048.903597236914,24942.047,10879.730033005879
2018-01-19,29954.78,263,232,4,1,1,0,0,27774.77,30988.94,27720.39,27958.53,33634.38285714285,6140.430244040139,25008.588666666663,10904.890915958274
2018-01-20,22232.68,207,183,5,1,1,1,0,29954.78,28091.91,27609.67,18327.53,32797.35,7309.864979765296,25138.760333333335,10845.535415335626
2018-01-21,23708.93,212,193,6,1,1,1,0,22232.68,30962.53,29433.01,14935.3,31761.12142857143,8086.214423662458,25431.214666666663,10677.904096309207
2018-01-22,37047.65,352,309,0,1,1,0,0,23708.93,38330.3,38714.4,12875.05,31577.885714285712,7925.480344822077,26236.968,10609.55747801703
2018-01-23,34326.37,298,260,1,1,1,0,0,37047.65,44237.17,30248.91,5643.01,30162.057142857142,5918.109574483204,27193.08,9962.379926878344
2018-01-24,31413.79,268,240,2,1,1,0,0,34326.37,36089.22,38479.53,10381.34,29494.13857142857,5376.753895206069,27894.161666666667,9466.193435139752
2018-01-25,29528.62,263,230,3,1,1,0,0,31413.79,27774.77,40056.96,20549.43,29744.68857142857,5323.883736908012,28193.468,9367.394972853646
2018-01-26,33770.2,262,225,4,1,1,0,0,29528.62,29954.78,30988.94,17700.4,30289.74857142857,5539.906727444085,28729.128,9204.725329631947
2018-01-27,21544.61,172,150,5,1,1,1,0,33770.2,22232.68,28091.91,15037.49,30191.452857142856,5710.178917648416,28946.032,8943.938442122593
2018-01-28,23671.85,165,152,6,1,1,1,0,21544.61,23708.93,30962.53,16042.72,30186.155714285713,5717.207681388518,29200.336333333336,8668.628386948138
2018-01-29,29987.56,283,242,0,1,1,0,0,23671.85,37047.65,38330.3,13042.65,29177.571428571428,4864.110446729221,29765.166666666668,8113.8160576637465
2018-01-30,28839.57,307,251,1,1,1,0,0,29987.56,34326.37,44237.17,8640.87,28393.742857142857,4306.213151922454,30438.45666666667,7071.573878163633
2018-01-31,32302.59,281,252,2,1,1,0,0,28839.57,31413.79,36089.22,6948.21,28520.714285714286,4421.658423679363,31283.602666666666,5510.061981313518
2018-02-01,29985.75,264,228,3,2,1,0,0,32302.59,29528.62,27774.77,25315.0,28586.018571428573,4442.35265111634,31439.29433333333,5400.49715144223
2018-02-02,27613.53,252,208,4,2,1,0,0,29985.75,33770.2,29954.78,31286.73,27706.494285714285,3809.2439891744157,31316.854333333333,5445.527001030875
2018-02-03,23084.67,206,190,5,2,1,1,0,27613.53,21544.61,22232.68,34839.44,27926.502857142856,3418.470759256245,30925.028666666665,5603.919791252469
2018-02-04,23810.79,221,200,6,2,1,1,0,23084.67,23671.85,23708.93,27720.39,27946.351428571426,3389.9340607766653,30794.708666666666,5725.161577383622
2018-02-05,36866.24,308,266,0,2,1,0,0,23810.79,29987.56,37047.65,27609.67,28929.019999999997,4788.673001020156,31103.261,5796.579439274172
2018-02-06,33905.63,299,266,1,2,1,0,0,36866.24,28839.57,34326.37,29433.01,29652.742857142854,5142.641296651277,31252.34833333333,5809.642357379293
2018-02-07,31121.44,280,243,2,2,1,0,0,33905.63,32302.59,31413.79,38714.4,29484.007142857143,5059.918251384089,30999.249666666667,5636.1503710964
2018-02-08,27074.86,250,225,3,2,1,0,0,31121.44,29985.75,29528.62,30248.91,29068.16571428571,5130.926031906386,30893.447999999997,5680.339790780719
2018-02-09,30571.07,226,208,4,2,1,0,0,27074.86,27613.53,33770.2,38479.53,29490.671428571426,5112.918122264456,30629.832666666665,5496.682510977783
2018-02-10,21129.16,194,175,5,2,1,1,0,30571.07,23084.67,21544.61,40056.96,29211.312857142857,5555.527591764485,29998.906000000003,5463.490225144115
2018-02-11,22435.08,187,169,6,2,1,1,0,21129.16,23810.79,23671.85,30988.94,29014.782857142854,5797.479872820302,29713.77733333333,5630.686806603122
2018-02-12,23255.73,249,214,0,2,1,0,0,22435.08,36866.24,29987.56,28091.91,27070.424285714285,4945.068857285486,29552.571333333333,5746.755258365934
2018-02-13,23516.44,261,220,1,2,1,0,0,23255.73,33905.63,28839.57,30962.53,25586.254285714287,4025.205565019205,29304.368333333336,5843.739473949313
2018-02-14,36830.97,341,290,2,2,1,0,0,23516.44,31121.44,32302.59,38330.3,26401.90142857143,5603.006154673926,29254.390666666666,5769.828770915304
2018-02-15,31968.97,311,276,3,2,1,0,0,36830.97,27074.86,29985.75,44237.17,27101.06,5992.769088660062,28845.450666666668,5062.72757350524
2018-02-16,26894.99,245,212,4,2,1,0,0,31968.97,30571.07,27613.53,36089.22,26575.905714285713,5795.841531911321,28538.976333333332,4884.244236777337
2018-02-17,24841.48,221,199,5,2,1,1,0,26894.99,21129.16,23084.67,27774.77,27106.237142857142,5368.474458843657,28441.2,4929.2234565189065
2018-02-18,24491.63,232,200,6,2,1,1,0,24841.48,22435.08,23810.79,29954.78,27400.030000000002,5120.79697328123,28259.094999999998,4972.106278451677
2018-02-19,27869.13,291,255,0,2,1,0,0,24491.63,23255.73,36866.24,22232.68,28059.087142857144,4784.344398600846,28446.976666666666,4841.3050171780815
2018-02-20,36412.09,312,285,1,2,1,0,0,27869.13,23516.44,33905.63,23708.93,29901.32285714286,5207.684940299587,28870.415333333334,4966.521466627694
2018-02-21,32107.91,306,261,2,2,1,0,0,36412.09,36830.97,31121.44,37047.65,29226.600000000002,4404.205478505671,28705.75733333333,4763.81680533791
2018-02-22,31154.98,353,274,3,2,1,0,0,32107.91,31968.97,27074.86,34326.37,29110.315714285713,4329.849060940571,28600.04433333333,4669.034877237429
2018-02-23,28424.7,260,235,4,2,1,0,0,31154.98,26894.99,30571.07,31413.79,29328.845714285715,4237.012916040567,28500.408,4638.7144207906
2018-02-24,24210.18,208,189,5,2,1,1,0,28424.7,24841.48,21129.16,29528.62,29238.66,4353.562221591191,28323.126666666663,4699.297266218809
2018-02-25,29053.87,268,236,6,2,1,1,0,24210.18,24491.63,22435.08,33770.2,29890.40857142857,3835.088965162815,28165.915666666664,4588.3674809138565
2018-02-26,43632.16,331,293,0,2,1,0,0,29053.87,27869.13,23255.73,21544.61,32142.269999999997,6291.547904811062,28902.167333333335,5218.142745315509
2018-02-27,40151.4,364,296,1,2,1,0,0,43632.16,36412.09,23516.44,23671.85,32676.457142857143,6848.5857351541,29451.485666666664,5507.918734674366
2018-02-28,45480.58,357,311,2,2,1,0,0,40151.4,32107.91,36830.97,29987.56,34586.83857142857,8361.560612900754,29967.919666666665,6237.874477766889
2018-03-01,39381.63,313,272,3,3,1,0,0,45480.58,31154.98,31968.97,28839.57,35762.07428571429,8376.935537529665,30319.321666666663,6464.922674184634
2018-03-02,31776.46,303,265,4,3,1,0,0,39381.63,28424.7,26894.99,32302.59,36240.897142857146,7973.72199295636,30301.784,6460.068863891294
2018-03-03,26091.27,227,209,5,3,1,1,0,31776.46,24210.18,24841.48,29985.75,36509.624285714286,7519.449567091156,30171.967999999997,6505.608155991193
2018-03-04,32441.9,250,235,6,3,1,1,0,26091.27,29053.87,24491.63,27613.53,36993.62857142858,7054.207002534943,30332.913666666664,6499.854290027006
2018-03-05,38116.07,313,259,0,3,1,0,0,32441.9,43632.16,27869.13,23084.67,36205.61571428571,6473.201732256924,30833.960333333336,6501.204454317499
2018-03-06,39173.99,305,271,1,3,1,0,0,38116.07,40151.4,36412.09,23810.79,36065.985714285714,6383.828534029877,31346.067,6533.910740861538
2018-03-07,36137.89,289,258,2,3,1,0,0,39173.99,45480.58,32107.91,36866.24,34731.315714285716,4889.11677624846,31321.788666666667,6514.014790689021
2018-03-08,27994.39,271,233,3,3,1,0,0,36137.89,39381.63,31154.98,33905.63,33104.567142857144,4977.572129598542,31124.747333333336,6522.5599463178405
2018-03-09,28405.44,229,203,4,3,1,0,0,27994.39,31776.46,28424.7,31121.44,32622.992857142857,5281.285774716502,31034.214,6541.4292233723845
2018-03-10,25964.94,213,191,5,3,1,1,0,28405.44,26091.27,24210.18,27074.86,32604.945714285714,5307.476818535744,30997.216666666667,6567.681013498163
2018-03-11,31320.43,239,218,6,3,1,1,0,25964.94,32441.9,29053.87,30571.07,32444.735714285714,5330.096732742692,31022.195333333333,6567.429379063338
2018-03-12,30644.66,259,232,0,3,1,0,0,31320.43,38116.07,43632.16,21129.16,31377.39142857143,4718.072705202848,31339.378666666667,6297.385767491537
2018-03-13,35776.24,268,226,1,3,1,0,0,30644.66,39173.99,40151.4,22435.08,30891.99857142857,3883.188900021067,31784.084,6115.331993623216
2018-03-14,23528.79,235,198,2,3,1,0,0,35776.24,36137.89,45480.58,23255.73,29090.698571428573,3967.7791427842417,31793.186,6102.390283689914
2018-03-15,44311.46,327,286,3,3,1,0,0,23528.79,27994.39,39381.63,23516.44,31421.70857142857,6914.888051594191,32486.353333333333,6307.42331971996
2018-03-16,32832.19,290,252,4,3,1,0,0,44311.46,28405.44,31776.46,36830.97,32054.101428571426,6794.436416184939,32353.060666666664,6254.474205581891
2018-03-17,20078.5,191,180,5,3,1,1,0,32832.19,25964.94,26091.27,31968.97,31213.18142857143,7941.172403256763,31956.711666666666,6644.259949672442
2018-03-18,31119.33,232,215,6,3,1,1,0,20078.5,31320.43,32441.9,26894.99,31184.452857142856,7941.0835044547275,32097.523,6577.718043051913
2018-03-19,44580.19,365,301,0,3,1,0,0,31119.33,30644.66,38116.07,24841.48,33175.24285714286,9396.599800384683,32755.48,6809.993817310479
2018-03-20,35431.47,346,295,1,3,1,0,0,44580.19,35776.24,39173.99,24491.63,33125.99,9381.585870976132,33120.14133333333,6643.079953992958
2018-03-21,39589.43,314,284,2,3,1,0,0,35431.47,23528.79,36137.89,27869.13,35420.36714285715,8572.296116025307,33510.818,6668.207004711142
2018-03-22,31119.41,296,254,3,3,1,0,0,39589.43,44311.46,27994.39,36412.09,33535.78857142857,7697.3026618861695,33334.395333333334,6658.808683338312
2018-03-23,29621.24,256,219,4,3,1,0,0,31119.41,32832.19,28405.44,32107.91,33077.08142857143,7840.56294195002,33251.50633333334,6690.006437873041
2018-03-24,23787.77,189,165,5,3,1,1,0,29621.24,20078.5,25964.94,31154.98,33606.97714285714,6882.456258073088,33005.93266666667,6901.491812675517
2018-03-25,25557.29,226,190,6,3,1,1,0,23787.77,31119.33,31320.43,28424.7,32812.4,7509.980357326665,32910.35233333333,6986.458835634235
2018-03-26,35725.11,319,270,0,3,1,0,0,25557.29,44580.19,30644.66,24210.18,31547.388571428568,5732.946456864925,33294.183333333334,6805.9752646653715
2018-03-27,34726.52,288,244,1,3,1,0,0,35725.11,35431.47,35776.24,29053.87,31446.68142857143,5659.061245172509,33483.27166666667,6762.769222180337
2018-03-28,29683.44,241,218,2,3,1,0,0,34726.52,39589.43,23528.79,43632.16,30031.54,4376.75934639614,33018.314333333336,6515.947560328398
2018-03-29,28841.74,223,193,3,3,1,0,0,29683.44,31119.41,44311.46,40151.4,29706.15857142857,4367.0582326146005,32641.325666666668,6415.414771576609
2018-03-30,22088.14,185,165,4,3,1,0,1,28841.74,29621.24,32832.19,45480.58,28630.00142857143,5233.663185893835,31861.577666666668,6219.690428108237
2018-03-31,25203.73,193,167,5,3,1,1,0,22088.14,23787.77,20078.5,39381.63,28832.28142857143,5039.065594034314,31388.981000000003,6167.006879772468
2018-04-01,29396.66,232,207,6,4,2,1,0,25203.73,25557.29,31119.33,31776.46,29380.762857142858,4827.70172266506,31309.654333333332,6177.1482740543715
2018-04-02,39722.1,331,280,0,4,2,0,0,29396.66,35725.11,44580.19,26091.27,29951.761428571426,5834.530275170423,31764.015333333336,6280.517364710697
2018-04-03,36246.51,279,246,1,4,2,0,0,39722.1,34726.52,35431.47,32441.9,30168.902857142857,6065.557800034258,31890.83566666667,6332.872044399966
2018-04-04,37982.73,287,257,2,4,2,0,0,36246.51,29683.44,39589.43,38116.07,31354.515714285713,6729.616433559028,31886.391,6328.39747379379
2018-04-05,36058.79,298,266,3,4,2,0,0,37982.73,28841.74,31119.41,39173.99,32385.522857142856,6832.541605209796,31782.551,6229.479844521445
2018-04-06,27507.44,212,188,4,4,2,0,0,36058.79,22088.14,29621.24,36137.89,33159.70857142857,5681.34084430016,31494.869333333332,6220.685539566511
2018-04-07,25517.38,184,164,5,4,2,1,0,27507.44,25203.73,23787.77,27994.39,33204.51571428571,5608.911658229921,31412.302333333333,6284.857095912844
2018-04-08,23463.85,207,185,6,4,2,1,0,25517.38,29396.66,25557.29,28405.44,32356.971428571425,6634.654275618286,31247.582666666665,6429.474502877447
2018-04-09,49308.73,290,253,0,4,2,0,0,23463.85,39722.1,35725.11,25964.94,33726.49,8982.38791663807,32025.709,7141.2846348569365
2018-04-10,27870.56,231,201,1,4,2,0,0,49308.73,36246.51,34726.52,31320.43,32529.925714285713,9147.119845843697,31910.713333333333,7180.701064344973
2018-04-11,40782.96,310,274,2,4,2,0,0,27870.56,37982.73,29683.44,30644.66,32929.95857142857,9480.489835979643,32248.656666666666,7355.502900043886
2018-04-12,34117.58,298,255,3,4,2,0,0,40782.96,36058.79,28841.74,35776.24,32652.64285714286,9401.778694234203,32193.368000000002,7334.276142776416
2018-04-13,29850.81,237,199,4,4,2,0,0,34117.58,27507.44,22088.14,23528.79,32987.409999999996,9228.157339819561,32404.102,7165.61952255611
2018-04-14,18845.7,172,146,5,4,2,1,0,29850.81,25517.38,25203.73,44311.46,32034.312857142857,10398.56706240446,31555.243333333336,7214.605039236838
2018-04-15,30524.04,264,223,6,4,2,1,0,18845.7,23463.85,29396.66,32832.19,33042.91142857143,9750.968966187236,31478.305,7212.824910758157
2018-04-16,40357.06,319,279,0,4,2,0,0,30524.04,49308.73,39722.1,20078.5,31764.10142857143,7615.344215145281,32154.257,7056.153723517118
2018-04-17,36654.07,310,264,1,4,2,0,0,40357.06,27870.56,36246.51,31119.33,33018.88857142857,7590.470971853232,32338.748333333333,7100.3787837391465
2018-04-18,39472.71,315,280,2,4,2,0,0,36654.07,40782.96,37982.73,44580.19,32831.71000000001,7380.348372626612,32168.499,6853.685032514965
2018-04-19,43080.23,353,290,3,4,2,0,0,39472.71,34117.58,36058.79,35431.47,34112.08857142857,8353.84510408509,32423.45766666667,7116.483375164859
2018-04-20,28353.84,229,196,4,4,2,0,0,43080.23,29850.81,27507.44,39589.43,33898.235714285714,8499.011397154423,32048.938000000002,7021.367418373422
2018-04-21,18966.34,169,156,5,4,2,1,1,28353.84,18845.7,25517.38,31119.41,33915.469999999994,8463.448542822178,31643.835666666666,7416.327568284341
2018-04-22,27350.9,233,200,6,4,2,1,0,18966.34,30524.04,23463.85,29621.24,33462.16428571429,8755.314069826058,31568.157666666666,7449.189060283411
2018-04-23,37674.27,329,285,0,4,2,0,0,27350.9,40357.06,49308.73,23787.77,33078.908571428576,8456.82367290343,32031.041,7380.179556256184
2018-04-24,43046.78,310,270,1,4,2,0,0,37674.27,36654.07,27870.56,25557.29,33992.15285714286,9218.150352302568,32614.024,7540.203593136071
2018-04-25,40945.12,320,283,2,4,2,0,0,43046.78,39472.71,40782.96,35725.11,34202.49714285714,9379.439464148303,32788.024333333335,7673.52245135974
2018-04-26,31409.56,292,253,3,4,2,0,0,40945.12,43080.23,34117.58,34726.52,32535.25857142857,8537.875164938872,32677.459,7668.52302286627
2018-04-27,40680.04,284,241,4,4,2,0,0,31409.56,28353.84,29850.81,29683.44,34296.14428571429,8798.864015227231,33044.01233333333,7782.445825367317
2018-04-28,23420.91,190,168,5,4,2,1,0,40680.04,18966.34,18845.7,28841.74,34932.51142857143,7582.360308616286,32863.318,7944.6206485027715
2018-04-29,19302.7,187,170,6,4,2,1,0,23420.91,27350.9,30524.04,22088.14,33782.76857142857,9331.933883839214,32770.47,8089.840792276405
2018-04-30,35682.61,285,240,0,4,2,0,0,19302.7,37674.27,40357.06,25203.73,33498.24571428572,9223.239501078826,33119.765999999996,7977.306112515466
2018-05-01,32963.9,276,254,1,5,2,0,1,35682.61,43046.78,36654.07,29396.66,32057.834285714285,8215.801889423876,33238.674,7946.4231253359
2018-05-02,38557.72,339,295,2,5,2,0,0,32963.9,40945.12,39472.71,39722.1,31716.777142857143,7825.671762710824,33199.861333333334,7916.451266691514
2018-05-03,42497.77,357,304,3,5,2,0,0,38557.72,31409.56,43080.23,36246.51,33300.80714285715,8813.041459041784,33408.236666666664,8079.992847744506
2018-05-04,39730.93,309,265,4,5,2,0,0,42497.77,40680.04,28353.84,37982.73,33165.22,8686.991364847338,33466.51,8120.325363911615
2018-05-05,28239.05,219,195,5,5,2,1,0,39730.93,23420.91,18966.34,36058.79,33853.525714285715,7945.461325353869,33205.852,8159.654702637771
2018-05-06,28288.25,239,209,6,5,2,1,0,28239.05,19302.7,27350.9,27507.44,35137.17571428571,5575.147196669094,33231.879,8142.077954481746
2018-05-07,53211.98,416,369,0,5,2,0,0,28288.25,35682.61,37674.27,25517.38,37641.37142857142,8841.169565974442,34155.03233333333,8782.1019947366
2018-05-08,47800.69,378,327,1,5,2,0,0,53211.98,32963.9,43046.78,23463.85,39760.91285714286,9299.49370991536,34966.26033333333,8883.914202889018
2018-05-09,43561.22,391,341,2,5,2,0,0,47800.69,38557.72,40945.12,49308.73,40475.69857142858,9383.511519074958,34774.676666666666,8622.06428170326
2018-05-10,50380.67,333,278,3,5,2,0,0,43561.22,42497.77,31409.56,27870.56,41601.82714285714,10111.414818531668,35525.013666666666,8972.85141782182
2018-05-11,37859.19,284,246,4,5,2,0,0,50380.67,39730.93,40680.04,40782.96,41334.43571428571,10193.55063447766,35427.55466666667,8929.54655031562
2018-05-12,29604.14,239,204,5,5,2,1,0,37859.19,28239.05,23420.91,34117.58,41529.44857142858,9910.393093981973,35277.10666666667,8990.19453006685
2018-05-13,31313.52,246,206,6,5,2,1,0,29604.14,28288.25,19302.7,29850.81,41961.630000000005,9282.813322852682,35325.863666666664,8963.678315487923
2018-05-14,53702.39,412,363,0,5,2,0,0,31313.52,53211.98,35682.61,18845.7,42031.688571428575,9383.18044830459,36487.75333333333,9012.787155571257
2018-05-15,41054.86,422,351,1,5,2,0,0,53702.39,47800.69,32963.9,30524.04,41067.99857142857,9031.762282957056,36838.780666666666,8977.511401499205
2018-05-16,56238.83,405,356,2,5,2,0,0,41054.86,43561.22,38557.72,40357.06,42879.08571428571,10727.022701913133,37368.173,9636.231119292193
2018-05-17,31450.63,255,226,3,5,2,0,0,56238.83,50380.67,42497.77,36654.07,40174.794285714284,10905.33191140432,37194.725,9696.171304729553
2018-05-18,31621.52,277,236,4,5,2,0,0,31450.63,37859.19,39730.93,39472.71,39283.69857142858,11370.984282974183,36933.01866666667,9738.42919662693
2018-05-19,25081.39,168,138,5,5,2,1,0,31621.52,29604.14,28239.05,43080.23,38637.59142857143,12116.691207599235,36333.05733333334,9899.751616781026
2018-05-20,19528.55,191,160,6,5,2,1,0,25081.39,31313.52,28288.25,28353.84,36954.02428571429,13979.496227680276,36038.881,10269.262381857343
2018-05-21,25230.09,236,201,0,5,2,0,0,19528.55,53702.39,53211.98,18966.34,32886.55285714286,12340.249207092864,36247.672666666665,9969.47969112074
2018-05-22,27568.98,228,197,1,5,2,0,0,25230.09,41054.86,47800.69,27350.9,30959.998571428576,11897.230507974537,36254.942,9962.846136871509
2018-05-23,17501.05,150,132,2,5,2,0,0,27568.98,56238.83,43561.22,37674.27,25426.03,5431.618601095472,35582.50133333333,10528.482667200591
2018-05-24,20073.26,130,114,3,5,2,0,0,17501.05,31450.63,50380.67,43046.78,23800.691428571427,5014.631042876513,34816.717333333334,10798.86301105591
2018-05-25,15888.92,128,103,4,5,2,0,0,20073.26,31621.52,37859.19,40945.12,21553.17714285714,4414.949439498019,33981.51066666666,11267.323696210773
2018-05-26,14799.17,116,99,5,5,2,1,0,15888.92,25081.39,29604.14,31409.56,20084.28857142857,4743.6898857585375,33427.831,11793.884071112616
2018-05-27,12523.25,112,100,6,5,2,1,0,14799.17,19528.55,31313.52,40680.04,19083.53142857143,5550.756964887577,32489.271333333334,12306.089727380067
2018-05-28,26702.47,168,142,0,5,2,0,0,12523.25,25230.09,53702.39,23420.91,19293.87142857143,5842.712834142025,32598.656666666666,12237.095137660774
2018-05-29,25572.08,173,149,1,5,2,0,0,26702.47,27568.98,41054.86,19302.7,19008.600000000002,5403.588037208889,32807.636000000006,12054.371892494843
2018-05-30,19214.0,155,140,2,5,2,0,0,25572.08,17501.05,56238.83,35682.61,19253.307142857146,5362.56923983807,32258.682333333334,12291.586034847855
2018-05-31,25111.28,146,133,3,5,2,0,0,19214.0,20073.26,31450.63,32963.9,19973.024285714284,5810.342317215811,31996.928333333333,12359.475080600581
2018-06-01,32298.92,211,184,4,6,2,0,0,25111.28,15888.92,31621.52,38557.72,22317.309999999998,7063.268080131177,31788.30166666667,12297.579749078768
2018-06-02,25266.62,158,142,5,6,2,1,0,32298.92,14799.17,25081.39,42497.77,23812.660000000003,6269.795782025104,31213.93,12181.990803695311
2018-06-03,28461.66,217,191,6,6,2,1,0,25266.62,12523.25,19528.55,39730.93,26089.57571428571,3952.5106272673634,30838.287666666667,12083.657508320515
2018-06-04,28622.4,258,225,0,6,2,0,0,28461.66,26702.47,25230.09,28239.05,26363.85142857143,4067.083534030309,30851.066,12081.016467429408
2018-06-05,30709.36,240,197,1,6,2,0,0,28622.4,25572.08,27568.98,28288.25,27097.74857142857,4353.797546814397,30931.76966666667,12071.388901017852
2018-06-06,26134.4,277,227,2,6,2,0,0,30709.36,19214.0,17501.05,53211.98,28086.377142857145,2758.808989362948,30029.183666666668,11338.067719258244
2018-06-07,37020.4,251,223,3,6,2,0,0,26134.4,25111.28,20073.26,47800.69,29787.68,4007.7155537619956,29669.840666666667,10918.472886939851
2018-06-08,26870.41,234,198,4,6,2,0,0,37020.4,32298.92,15888.92,43561.22,29012.178571428576,3965.7917329431452,29113.480333333333,10607.02230463887
2018-06-09,29325.08,192,172,5,6,2,1,0,26870.41,25266.62,14799.17,50380.67,29591.95857142857,3607.416175225715,28411.62733333333,9818.582368449466
2018-06-10,25369.24,222,191,6,6,2,1,0,29325.08,28461.66,12523.25,37859.19,29150.184285714284,3942.679596500472,27995.295666666665,9667.813557866093
2018-06-11,49669.7,338,294,0,6,2,0,0,25369.24,28622.4,26702.47,29604.14,32156.941428571427,8667.527364514817,28664.147666666668,10445.758888393208
2018-06-12,40369.0,288,246,1,6,2,0,0,49669.7,30709.36,25572.08,31313.52,33536.89,9153.949887502045,28965.997,10653.724438061667
2018-06-13,34228.8,304,258,2,6,2,0,0,40369.0,26134.4,19214.0,53702.39,34693.23285714286,8554.635886295164,28316.87733333333,9639.574955179467
2018-06-14,27504.6,237,212,3,6,2,0,0,34228.8,37020.4,25111.28,41054.86,33333.83285714286,8873.328272661987,27865.202,9334.777444157997
2018-06-15,26418.56,208,185,4,6,2,0,0,27504.6,26870.41,32298.92,56238.83,33269.282857142854,8929.64841177538,26871.193000000003,7643.776865818439
2018-06-16,24616.05,177,165,5,6,2,1,0,26418.56,29325.08,25266.62,31450.63,32596.56428571429,9439.15228639702,26643.37366666667,7604.331333165872
2018-06-17,17316.33,175,152,6,6,2,1,0,24616.05,25369.24,28461.66,31621.52,31446.148571428574,10851.82568818476,26166.534,7728.898561679253
2018-06-18,34488.4,278,245,0,6,2,0,0,17316.33,49669.7,28622.4,25081.39,29277.391428571427,7646.411346425652,26480.101000000002,7872.839615306084
2018-06-19,34467.02,259,229,1,6,2,0,0,34488.4,40369.0,30709.36,19528.55,28434.25142857143,6451.587756292791,26978.05,7890.401681682371
2018-06-20,28722.99,250,216,2,6,2,0,0,34467.02,34228.8,26134.4,25230.09,27647.707142857143,5942.97794158703,27094.48,7889.489943186494
2018-06-21,27703.58,264,234,3,6,2,0,0,28722.99,27504.6,37020.4,27568.98,27676.13285714286,5942.655226669024,27098.966666666667,7889.807357466953
2018-06-22,24807.27,206,179,4,6,2,0,0,27703.58,26418.56,26870.41,17501.05,27445.948571428573,6030.0483389809715,27342.50733333333,7693.649982587232
2018-06-23,17432.02,171,150,5,6,2,1,0,24807.27,24616.05,29325.08,20073.26,26419.65857142857,7107.114266506531,27254.466,7794.158988233796
2018-06-24,24303.6,217,198,6,6,2,1,0,17432.02,17316.33,25369.24,15888.92,27417.84,6023.5508468980515,27534.955333333335,7517.543302790393
2018-06-25,36045.52,279,239,0,6,2,0,0,24303.6,34488.4,49669.7,14799.17,27640.285714285714,6348.184223712696,28243.167,7273.1742155327365
2018-06-26,30633.79,288,240,1,6,2,0,0,36045.52,34467.02,40369.0,12523.25,27092.681428571428,5803.078656395577,28846.85166666667,6648.1500264551305
2018-06-27,26496.48,243,214,2,6,2,0,0,30633.79,28722.99,34228.8,26702.47,26774.608571428573,5759.682992753503,28839.985333333334,6650.547097786807
2018-06-28,32151.97,283,242,3,6,2,0,0,26496.48,27703.58,27504.6,25572.08,27410.092857142856,6113.779997387599,29059.315,6647.556969917697
2018-06-29,20431.48,196,173,4,6,2,0,0,32151.97,24807.27,26418.56,19214.0,26784.98,6626.472454403348,29099.897666666664,6588.8366853853795
2018-06-30,15379.88,139,124,5,6,2,1,0,20431.48,17432.02,24616.05,25111.28,26491.817142857144,7135.0970228925535,28775.517666666667,7017.572621602599
2018-07-01,24369.47,186,161,6,7,3,1,0,15379.88,24303.6,17316.33,32298.92,26501.227142857144,7131.772809644891,28511.202666666664,7029.608462501662
2018-07-02,22872.2,215,193,0,7,3,0,0,24369.47,36045.52,34488.4,25266.62,24619.324285714287,5808.879750935507,28431.38866666667,7081.122025601091
2018-07-03,26222.42,238,215,1,7,3,0,0,22872.2,30633.79,34467.02,28461.66,23989.12857142857,5261.092968476008,28356.74733333333,7092.584450555465
2018-07-04,35412.65,288,254,2,7,3,0,0,26222.42,26496.48,28722.99,28622.4,25262.867142857143,6818.207930997976,28583.089,7208.749822407292
2018-07-05,28590.33,220,194,3,7,3,0,0,35412.65,32151.97,27703.58,30709.36,24754.06142857143,6334.138252978662,28512.454666666665,7197.570217058011
2018-07-06,19005.54,130,121,4,7,3,0,0,28590.33,20431.48,24807.27,26134.4,24550.355714285717,6516.6218335495905,28274.826,7393.794590246298
2018-07-07,9076.56,101,91,5,7,3,1,0,19005.54,15379.88,17432.02,37020.4,23649.88142857143,8210.3888675211,27343.36466666667,7990.160978034673
2018-07-08,14207.98,143,120,6,7,3,1,0,9076.56,24369.47,24303.6,26870.41,22198.239999999998,8928.827537347799,26921.283666666666,8342.677099274633
2018-07-09,19564.85,158,148,0,7,3,0,0,14207.98,22872.2,36045.52,29325.08,21725.761428571426,8974.608960445838,26595.942666666666,8435.497758940406
2018-07-10,18724.57,151,132,1,7,3,0,0,19564.85,26222.42,30633.79,25369.24,20654.639999999996,8794.105410606997,26374.45366666667,8555.20216352173
2018-07-11,18422.98,144,126,2,7,3,0,0,18724.57,35412.65,26496.48,49669.7,18227.544285714284,5915.567481774639,25332.896333333334,7452.2970749026545
2018-07-12,19691.97,124,118,3,7,3,0,0,18422.98,28590.33,32151.97,40369.0,16956.35,3945.6579999793657,24643.662,6953.16731728205
2018-07-13,27644.23,190,167,4,7,3,0,0,19691.97,19005.54,20431.48,34228.8,18190.448571428573,5668.331714697772,24424.176333333333,6740.850390507311
2018-07-14,22044.71,158,146,5,7,3,1,0,27644.23,9076.56,15379.88,27504.6,20043.041428571425,4093.6448871816306,24242.179999999997,6728.508636657794
2018-07-15,29997.49,166,151,6,7,3,1,0,22044.71,14207.98,24369.47,26418.56,22298.68571428571,4654.301903514882,24361.477666666666,6799.776951279268
2018-07-16,31042.79,262,243,0,7,3,0,0,29997.49,19564.85,22872.2,24616.05,23938.391428571427,5479.358470582821,24575.70233333333,6908.441593356476
2018-07-17,29733.48,242,219,1,7,3,0,0,31042.79,18724.57,26222.42,17316.33,25511.092857142856,5310.769006972874,24989.607333333333,6830.042801728275
2018-07-18,41193.49,340,305,2,7,3,0,0,29733.48,18422.98,35412.65,34488.4,28764.022857142856,6962.410572123934,25213.11033333333,7248.484262839387
2018-07-19,38705.58,287,253,3,7,3,0,0,41193.49,19691.97,28590.33,34467.02,31480.25285714286,6528.629812098608,25354.395666666667,7472.912570664149
2018-07-20,31898.19,285,247,4,7,3,0,0,38705.58,27644.23,19005.54,28722.99,32087.961428571427,6306.246578867635,25460.235666666664,7544.411038691827
2018-07-21,20901.68,206,185,5,7,3,1,0,31898.19,22044.71,9076.56,27703.58,31924.67142857143,6616.794579626888,25233.505666666668,7576.805898044276
2018-07-22,25958.42,238,214,6,7,3,1,0,20901.68,29997.49,14207.98,24807.27,31347.661428571428,6979.056372742177,25271.87733333333,7577.487740545874
2018-07-23,39841.42,345,304,0,7,3,0,0,25958.42,31042.79,19564.85,17432.02,32604.608571428573,7672.841090122984,26018.857333333333,7876.635309533637
2018-07-24,41525.76,303,270,1,7,3,0,0,39841.42,29733.48,18724.57,24303.6,34289.219999999994,8212.927779285845,26592.929333333333,8360.076086398461
2018-07-25,40367.55,322,267,2,7,3,0,0,41525.76,41193.49,18422.98,36045.52,34171.228571428575,8102.394643581987,26736.997,8563.356843334872
2018-07-26,34864.02,284,245,3,7,3,0,0,40367.55,38705.58,19691.97,30633.79,33622.434285714284,7870.876536019381,26878.004666666664,8663.972857637165
2018-07-27,28371.75,216,189,4,7,3,0,0,34864.02,31898.19,27644.23,26496.48,33118.65714285714,8108.887222417704,26940.513666666662,8667.889289777773
2018-07-28,25210.12,210,175,5,7,3,1,0,28371.75,20901.68,22044.71,32151.97,33734.148571428566,7131.654007027133,26709.118666666665,8616.474823631785
2018-07-29,29652.51,207,184,6,7,3,1,0,25210.12,25958.42,29997.49,20431.48,34261.875714285714,6575.348917304213,27016.48633333333,8549.019044429808
2018-07-30,37866.76,308,280,0,7,3,0,0,29652.51,39841.42,31042.79,15379.88,33979.781428571434,6334.010265762083,27766.049,8479.078873982875
2018-07-31,45062.8,372,316,1,7,3,0,0,37866.76,41525.76,29733.48,24369.47,34485.072857142855,7127.6736310002,28455.826666666668,9017.828371037653
2018-08-01,40424.0,345,308,2,8,3,0,0,45062.8,40367.55,41193.49,22872.2,34493.137142857144,7135.466013551992,29040.886666666665,9210.389668328762
2018-08-02,38434.62,335,298,3,8,3,0,0,40424.0,34864.02,38705.58,26222.42,35003.22285714286,7292.298132862882,29447.960000000003,9350.335173886573
2018-08-03,41802.19,345,312,4,8,3,0,0,38434.62,28371.75,31898.19,35412.65,36921.857142857145,7018.393591719439,29660.944666666666,9561.277627270107
2018-08-04,35374.06,271,242,5,8,3,1,0,41802.19,25210.12,20901.68,28590.33,38373.84857142857,4933.22117521051,29887.069000000003,9615.150348906209
2018-08-05,35425.35,310,274,6,8,3,1,0,35374.06,29652.51,25958.42,19005.54,39198.54,3509.2998509433396,30434.396,9440.120265962636
2018-08-06,53811.14,426,368,0,8,3,0,0,35425.35,37866.76,39841.42,9076.56,41476.30857142857,6446.290222544913,31925.548666666666,9483.141414652722
2018-08-07,48298.68,425,361,1,8,3,0,0,53811.14,45062.8,41525.76,14207.98,41938.57714285714,6849.743685191507,33061.905333333336,9328.113158069906
2018-08-08,42831.07,359,314,2,8,3,0,0,48298.68,40424.0,40367.55,19564.85,42282.444285714286,6821.39793360757,33837.446,9132.396545845824
2018-08-09,40040.28,322,283,3,8,3,0,0,42831.07,38434.62,34864.02,18724.57,42511.82428571429,6696.293269057561,34547.96966666667,8736.66500259623
2018-08-10,33305.73,267,252,4,8,3,0,0,40040.28,41802.19,28371.75,18422.98,41298.044285714284,7560.619675116525,35044.06133333333,8195.235800708797
2018-08-11,25960.93,216,186,5,8,3,1,0,33305.73,35374.06,25210.12,19691.97,39953.311428571425,9402.598566590252,35253.026666666665,7863.493512127519
2018-08-12,31524.21,227,197,6,8,3,1,0,25960.93,35425.35,29652.51,27644.23,39396.00571428571,9821.968127679882,35382.359333333334,7765.329344663782
2018-08-13,38561.21,320,287,0,8,3,0,0,31524.21,53811.14,37866.76,22044.71,37217.444285714286,7511.14977361388,35932.90933333334,7362.13260390933
2018-08-14,44030.95,339,312,1,8,3,0,0,38561.21,48298.68,45062.8,29997.49,36607.76857142857,6576.883372298183,36400.691333333336,7417.624300969255
2018-08-15,45405.14,315,283,2,8,3,0,0,44030.95,42831.07,40424.0,31042.79,36975.49285714285,7038.585140567796,36879.43633333334,7522.633534831359
2018-08-16,35166.77,351,316,3,8,3,0,0,45405.14,40040.28,38434.62,29733.48,36279.277142857136,6925.022606260711,37060.546,7409.208986567475
2018-08-17,31683.18,288,254,4,8,3,0,0,35166.77,33305.73,41802.19,41193.49,36047.48428571429,7066.8434657768785,36743.53566666667,7429.704892361775
2018-08-18,24340.95,206,196,5,8,3,1,0,31683.18,25960.93,35374.06,38705.58,35816.05857142857,7467.38599973327,36264.71466666667,7754.667905897088
2018-08-19,25487.39,226,204,6,8,3,1,0,24340.95,31524.21,35425.35,31898.19,34953.65571428571,8342.924961670231,36051.02133333334,7964.632163891075
2018-08-20,34479.5,283,252,0,8,3,0,0,25487.39,38561.21,53811.14,20901.68,34370.55428571429,8190.001081413869,36503.615333333335,7442.764355465765
2018-08-21,26323.06,258,239,1,8,3,0,0,34479.5,44030.95,48298.68,25958.42,31840.855714285713,7406.078597649418,36515.77,7425.226401930886
2018-08-22,20297.13,216,186,2,8,3,0,0,26323.06,45405.14,42831.07,39841.42,28253.99714285714,5602.215565743308,35864.29366666667,7961.409768632662
2018-08-23,17030.87,161,142,3,8,3,0,0,20297.13,35166.77,40040.28,41525.76,25663.15428571429,6048.330386530524,35047.79733333333,8591.862585012906
2018-08-24,9585.71,116,97,4,8,3,0,0,17030.87,31683.18,33305.73,40367.55,22506.37285714286,7873.800702677894,34021.736,9701.078939026578
2018-08-25,10599.41,75,69,5,8,3,1,0,9585.71,24340.95,25960.93,34864.02,20543.295714285716,8976.031167685564,33212.91566666667,10598.450192201559
2018-08-26,8070.71,82,73,6,8,3,1,0,10599.41,25487.39,31524.21,28371.75,18055.198571428573,9757.063659111218,32536.214333333333,11525.747978955547
2018-08-27,5345.91,71,66,0,8,3,0,0,8070.71,34479.5,38561.21,25210.12,13893.257142857143,7546.718833141482,31874.074000000004,12491.281407287188
2018-08-28,3673.91,45,39,1,8,3,0,0,5345.91,26323.06,44030.95,29652.51,10657.664285714287,6032.818852982212,31008.120666666666,13509.573709347604
2018-08-29,1546.04,16,11,2,8,3,0,0,3673.91,20297.13,45405.14,37866.76,7978.937142857142,5135.542230432923,29797.43,14467.262662508534
2018-08-30,0.0,0,0,3,8,3,0,0,1546.04,17030.87,35166.77,45062.8,5545.955714285715,4052.425674012845,28295.336666666666,15150.868600730062
2018-08-31,0.0,0,0,4,8,3,0,0,0.0,9585.71,31683.18,40424.0,4176.568571428571,4079.3051926177013,26947.87,15817.894026565875
2018-09-01,0.0,0,0,5,9,3,1,0,0.0,10599.41,24340.95,38434.62,2662.367142857143,3161.897541518518,25666.716,16401.186854086674
2018-09-02,0.0,0,0,6,9,3,1,0,0.0,8070.71,25487.39,41802.19,1509.4085714285716,2180.1532227999137,24273.309666666668,16754.976954042202
2018-09-03,145.0,1,1,0,9,3,0,0,0.0,5345.91,34479.5,35374.06,766.4214285714286,1402.2046169342184,23099.007666666665,17179.30535604967
